Date,Value,Volume,open,close,high,low
2016/9/11,621.65,73610800,,,,
2016/9/12,609.67,72812304,,,,
2016/9/13,610.92,86920600,,,,
2016/9/14,608.82,47877700,,,,
2016/9/15,610.38,59464600,,,,
2016/9/16,609.11,64963400,,,,
2016/9/17,607.04,37140300,,,,
2016/9/18,611.58,48679400,,,,
2016/9/19,610.19,54796400,,,,
2016/9/20,608.66,72710896,,,,
2016/9/21,598.88,82776200,,,,
2016/9/22,597.42,67085300,,,,
2016/9/23,594.08,51067000,,,,
2016/9/24,603.88,35359500,,,,
2016/9/25,601.74,33977800,,,,
2016/9/26,598.98,59153800,,,,
2016/9/27,605.96,49422400,,,,
2016/9/28,605.67,48722600,,,,
2016/9/29,603.85,55658600,,,,
2016/9/30,609.39,56122400,,,,
2016/10/1,614.82,56357000,,,,
2016/10/2,612.98,39249800,,,,
2016/10/3,611.85,46798300,,,,
2016/10/4,609.62,49801600,,,,
2016/10/5,607.18,68077504,,,,
2016/10/6,612.08,56812100,,,,
2016/10/7,617.21,64071400,,,,
2016/10/8,614.74,42345900,,,,
2016/10/9,615.65,39243400,,,,
2016/10/10,617.54,67481104,,,,
2016/10/11,614.77,103590000,,,,
2016/10/12,635.01,92370200,,,,
2016/10/13,635.96,61620700,,,,
2016/10/14,634.02,58144600,,,,
2016/10/15,637.94,39035400,,,,
2016/10/16,641.42,40298100,,,,
2016/10/17,638.97,58063600,,,,
2016/10/18,636.29,65546700,,,,
2016/10/19,629.25,69381696,,,,
2016/10/20,627.72,56957300,,,,
2016/10/21,631.92,55951000,,,,
2016/10/22,655.48,78556496,,,,
2016/10/23,653.25,54474600,,,,
2016/10/24,651.39,62218200,,,,
2016/10/25,655.31,90378800,,,,
2016/10/26,651.45,88877104,,,,
2016/10/27,682.22,96105296,,,,
2016/10/28,687.68,81145504,,,,
2016/10/29,685.91,134760992,,,,
2016/10/30,698,100665000,,,,
2016/10/31,702,97064400,,,,
2016/11/1,697.01,130527000,,,,
2016/11/2,733.33,84865200,,,,
2016/11/3,686.17,172808000,,,,
2016/11/4,683.69,99907696,,,,
2016/11/5,704.79,53752300,,,,
2016/11/6,712,59902200,,,,
2016/11/7,709.96,65047100,,,,
2016/11/8,708.97,79660800,,,,
2016/11/9,720.93,132429000,,,,
2016/11/10,721.5,68807800,,,,
2016/11/11,715.45,63119700,,,,
2016/11/12,703.71,64622500,,,,
2016/11/13,702.28,80318096,,,,
2016/11/14,706.46,62993000,,,,
2016/11/15,710.91,72038496,,,,
2016/11/16,711.73,141294000,,,,
2016/11/17,736.96,108579000,,,,
2016/11/18,747.52,87363104,,,,
2016/11/19,748.98,110608000,,,,
2016/11/20,729.06,154116000,,,,
2016/11/21,738.53,60802400,,,,
2016/11/22,736.97,129906000,,,,
2016/11/23,741.63,76543800,,,,
2016/11/24,737.45,85919296,,,,
2016/11/25,735.64,67807600,,,,
2016/11/26,733.67,54962700,,,,
2016/11/27,727.96,52601800,,,,
2016/11/28,727.31,61888600,,,,
2016/11/29,732.71,68511104,,,,
2016/11/30,742.69,84070800,,,,
2016/12/1,742.05,80461904,,,,
2016/12/2,772.43,127605000,,,,
2016/12/3,764.33,69547296,,,,
2016/12/4,762.97,60557900,,,,
2016/12/5,754.63,106363000,,,,
2016/12/6,756.62,116218000,,,,
2016/12/7,758.99,96426096,,,,
2016/12/8,769.72,80111904,,,,
2016/12/9,770.02,68705296,,,,
2016/12/10,769.08,53843100,,,,
2016/12/11,777,57313400,,,,
2016/12/12,777,76571000,,,,
2016/12/13,777.99,81645600,,,,
2016/12/14,774.89,75979000,,,,
2016/12/15,776.75,81580096,,,,
2016/12/16,775.88,83608200,,,,
2016/12/17,788.7,78989800,,,,
2016/12/18,788.4,60524400,,,,
2016/12/19,788.67,74886400,,,,
2016/12/20,793.09,99629296,,,,
2016/12/21,824.21,155576000,,,,
2016/12/22,834.97,200027008,,,,
2016/12/23,901.31,275564000,,,,
2016/12/24,891.61,137727008,,,,
2016/12/25,892.6,143664992,,,,
2016/12/26,897.33,123771000,,,,
2016/12/27,930.37,167308000,,,,
2016/12/28,930.34,236630000,,,,
2016/12/29,963.38,199320000,,,,
2016/12/30,952.15,187474000,,,,
2016/12/31,958.12,99135104,,,,
2017/1/1,997.72,147775008,,,,
2017/1/2,1015.97,222184992,,,,
2017/1/3,1013.42,185168000,,,,
2017/1/4,1126.76,344945984,,,,
2017/1/5,994.67,510199008,,,,
2017/1/6,999.65,351876000,,,,
2017/1/7,896.83,279550016,,,,
2017/1/8,908.14,158715008,,,,
2017/1/9,910.49,141876992,,,,
2017/1/10,906.05,115808000,,,,
2017/1/11,785.22,310928992,,,,
2017/1/12,780.92,222326000,,,,
2017/1/13,826.29,168968000,,,,
2017/1/14,817.91,93063296,,,,
2017/1/15,819.55,71013600,,,,
2017/1/16,830.5,82755200,,,,
2017/1/17,903.84,155095008,,,,
2017/1/18,906.6,225676992,,,,
2017/1/19,895.798875,105625000,,,,
2017/1/20,893.6210875,86728400,,,,
2017/1/21,895.64,111158000,,,,
2017/1/22,918.603625,116573000,,,,
2017/1/23,922.0736125,73588600,,,,
2017/1/24,919.97,111349000,,,,
2017/1/25,893.045625,120831000,,,,
2017/1/26,915.95625,131958000,,,,
2017/1/27,915.05,125594000,,,,
2017/1/28,920.31225,68979600,,,,
2017/1/29,915.933,60851700,,,,
2017/1/30,912.19,78227296,,,,
2017/1/31,964.706075,164582000,,,,
2017/2/1,979.703875,150110000,,,,
2017/2/2,983.42,145820992,,,,
2017/2/3,1013.027,201278000,,,,
2017/2/4,1030.999413,155064000,,,,
2017/2/5,1034.07,114208000,,,,
2017/2/6,1024.01375,111762000,,,,
2017/2/7,1050.11,146007008,,,,
2017/2/8,1052.84,201855008,,,,
2017/2/9,976.103,407220000,,,,
2017/2/10,999.1035,190452000,,,,
2017/2/11,997.59,102261000,,,,
2017/2/12,1000.604625,67530000,,,,
2017/2/13,999.877375,100607000,,,,
2017/2/14,1001.2,137946000,,,,
2017/2/15,1012.325988,89759400,,,,
2017/2/16,1035.208125,122277000,,,,
2017/2/17,1035.2,136474000,,,,
2017/2/18,1056.637138,99073504,,,,
2017/2/19,1052.779286,77423296,,,,
2017/2/20,1050.87,109478000,,,,
2017/2/21,1123.788429,186868992,,,,
2017/2/22,1123.223188,136100000,,,,
2017/2/23,1130.01,189454000,,,,
2017/2/24,1174.86625,330759008,,,,
2017/2/25,1150.605714,139960992,,,,
2017/2/26,1150.37,116486000,,,,
2017/2/27,1190.75195,131570000,,,,
2017/2/28,1187.565286,184956000,,,,
2017/3/1,1190.89,229056992,,,,
2017/3/2,1259.410817,368275008,,,,
2017/3/3,1285.14,315739008,,,,
2017/3/4,1287,183270000,,,,
2017/3/5,1270.9333,134127000,,,,
2017/3/6,1275.197375,153656992,,,,
2017/3/7,1279.5,291256000,,,,
2017/3/8,1157.3933,332603008,,,,
2017/3/9,1192.469143,212283008,,,,
2017/3/10,1192.09,563795968,,,,
2017/3/11,1179.159875,283320000,,,,
2017/3/12,1227.494625,227176000,,,,
2017/3/13,1227.68,380276992,,,,
2017/3/14,1245.370786,245306000,,,,
2017/3/15,1257.399625,297804992,,,,
2017/3/16,1257,638568000,,,,
2017/3/17,1091.171888,706598976,,,,
2017/3/18,952.2323625,621302016,,,,
2017/3/19,967.69,406648000,,,,
2017/3/20,1049.084488,286529984,,,,
2017/3/21,1118.630043,337391008,,,,
2017/3/22,1113,380840992,,,,
2017/3/23,1038.789,248540000,,,,
2017/3/24,941.9197143,491038016,,,,
2017/3/25,927.93,435803008,,,,
2017/3/26,956.7863125,303668000,,,,
2017/3/27,1037.22925,372535008,,,,
2017/3/28,1041.04,326332000,,,,
2017/3/29,1040.5755,298457984,,,,
2017/3/30,1037.90455,352968992,,,,
2017/3/31,1034.74,447287008,,,,
2017/4/1,1086.929571,289633984,,,,
2017/4/2,1099.169125,514187008,,,,
2017/4/3,1079.99,580444032,,,,
2017/4/4,1141.600363,436310016,,,,
2017/4/5,1133.079314,414784000,,,,
2017/4/6,1133.53,511222016,,,,
2017/4/7,1190.45425,317022016,,,,
2017/4/8,1181.149838,209312000,,,,
2017/4/9,1184.03,242343008,,,,
2017/4/10,1207.744875,215883008,,,,
2017/4/11,1226.617038,216182000,,,,
2017/4/12,1219.09,288702016,,,,
2017/4/13,1180.023713,351968992,,,,
2017/4/14,1185.260057,254827008,,,,
2017/4/15,1170.36,203559008,,,,
2017/4/16,1186.927413,183231008,,,,
2017/4/17,1205.634875,253206000,,,,
2017/4/18,1176.97,270524000,,,,
2017/4/19,1217.930088,288060992,,,,
2017/4/20,1241.686325,315108000,,,,
2017/4/21,1236.63,272167008,,,,
2017/4/22,1261.311225,249320000,,,,
2017/4/23,1257.988113,258951008,,,,
2017/4/24,1240.84,235806000,,,,
2017/4/25,1279.414688,242556000,,,,
2017/4/26,1309.109875,329631008,,,,
2017/4/27,1288.02,449196992,,,,
2017/4/28,1331.294429,527488992,,,,
2017/4/29,1334.979038,422705984,,,,
2017/4/30,1333,413115008,,,,
2017/5/1,1417.172813,713624000,,,,
2017/5/2,1452.076288,477337984,,,,
2017/5/3,1447.55,583795968,,,,
2017/5/4,1508.292125,933548992,,,,
2017/5/5,1533.335071,946035968,,,,
2017/5/6,1518.75,582529984,,,,
2017/5/7,1535.868429,1080029952,,,,
2017/5/8,1640.619225,1340320000,,,,
2017/5/9,1651.1,1167920000,,,,
2017/5/10,1762.88625,915723008,,,,
2017/5/11,1820.990563,799489984,,,,
2017/5/12,1829,740984000,,,,
2017/5/13,1771.920013,579635008,,,,
2017/5/14,1776.3165,437196000,,,,
2017/5/15,1780,731529024,,,,
2017/5/16,1739.031975,959044992,,,,
2017/5/17,1807.485063,1064729984,,,,
2017/5/18,1783.98,894321024,,,,
2017/5/19,1961.520488,1157289984,,,,
2017/5/20,2052.909788,961336000,,,,
2017/5/21,2008.84,1147859968,,,,
2017/5/22,2090.662313,1942220032,,,,
2017/5/23,2287.710288,1378749952,,,,
2017/5/24,2256.32,1725379968,,,,
2017/5/25,2387.206286,2406700032,,,,
2017/5/26,2211.976857,1763480064,,,,
2017/5/27,2279.82,1700480000,,,,
2017/5/28,2192.9808,1147139968,,,,
2017/5/29,2275.9307,994625024,,,,
2017/5/30,2290.02,1443970048,,,,
2017/5/31,2285.933914,1544829952,,,,
2017/6/1,2399.242671,1653180032,,,,
2017/6/2,2409.93,1317030016,,,,
2017/6/3,2525.765158,1514950016,,,,
2017/6/4,2516.173143,1355120000,,,,
2017/6/5,2529.53,1369309952,,,,
2017/6/6,2883.313697,2089609984,,,,
2017/6/7,2664.920863,1517709952,,,,
2017/6/8,2683.03,1281170048,,,,
2017/6/9,2827.4913,1348950016,,,,
2017/6/10,2845.372857,2018889984,,,,
2017/6/11,2898.63,1752400000,,,,
2017/6/12,2657.675063,2569530112,,,,
2017/6/13,2748.185086,1781200000,,,,
2017/6/14,2706,1696560000,,,,
2017/6/15,2442.48025,2026259968,,,,
2017/6/16,2464.959814,1195190016,,,,
2017/6/17,2477.94,1534509952,,,,
2017/6/18,2507.389252,1178659968,,,,
2017/6/19,2617.210263,1446840064,,,,
2017/6/20,2600,1854189952,,,,
2017/6/21,2671.04325,1626579968,,,,
2017/6/22,2727.288013,1097939968,,,,
2017/6/23,2713.48,961318976,,,,
2017/6/24,2589.164888,982750016,,,,
2017/6/25,2512.366286,1161100032,,,,
2017/6/26,2502.03,1663280000,,,,
2017/6/27,2517.903114,1489789952,,,,
2017/6/28,2585.349186,1183869952,,,,
2017/6/29,2558.3,949979008,,,,
2017/6/30,2477.641375,860273024,,,,
2017/7/1,2501.191343,779913984,,,,
2017/7/2,2421.26,803747008,,,,
2017/7/3,2561.225429,964112000,,,,
2017/7/4,2599.729838,985516032,,,,
2017/7/5,2598.89,941566016,,,,
2017/7/6,2609.96775,761956992,,,,
2017/7/7,2491.201214,917411968,,,,
2017/7/8,2502.86,733329984,,,,
2017/7/9,2536.238938,527856000,,,,
2017/7/10,2366.170143,1111200000,,,,
2017/7/11,2327.09,1329760000,,,,
2017/7/12,2385.748571,1117410048,,,,
2017/7/13,2354.783417,835769984,,,,
2017/7/14,2338.49,882502976,,,,
2017/7/15,2058.9956,993608000,,,,
2017/7/16,1931.2143,1182870016,,,,
2017/7/17,1910.96,1201760000,,,,
2017/7/18,2320.12225,1512450048,,,,
2017/7/19,2264.7657,1245100032,,,,
2017/7/20,2265.21,2249260032,,,,
2017/7/21,2682.195363,1489449984,,,,
2017/7/22,2807.609857,1177129984,,,,
2017/7/23,2825.51,1072840000,,,,
2017/7/24,2751.821029,866473984,,,,
2017/7/25,2560.997917,1460089984,,,,
2017/7/26,2564.3,937404032,,,,
2017/7/27,2647.625,789104000,,,,
2017/7/28,2781.636583,1380099968,,,,
2017/7/29,2784.8,803745984,,,,
2017/7/30,2745.955417,705942976,,,,
2017/7/31,2866.431667,860574976,,,,
2017/8/1,2862.9,1324669952,,,,
2017/8/2,2693.633983,1094950016,,,,
2017/8/3,2794.117717,804796992,,,,
2017/8/4,2790,1002120000,,,,
2017/8/5,3218.115017,1945699968,,,,
2017/8/6,3252.562533,1105030016,,,,
2017/8/7,3210.2,1482279936,,,,
2017/8/8,3457.374333,1752760064,,,,
2017/8/9,3357.326317,1468960000,,,,
2017/8/10,3340.28,1515110016,,,,
2017/8/11,3632.506667,2021190016,,,,
2017/8/12,3852.802914,2219589888,,,,
2017/8/13,3868.52,3159089920,,,,
2017/8/14,4282.992,2463089920,,,,
2017/8/15,4217.028329,3258050048,,,,
2017/8/16,4179.97,2272039936,,,,
2017/8/17,4328.725717,2553359872,,,,
2017/8/18,4130.440067,2941710080,,,,
2017/8/19,4104.71,2975820032,,,,
2017/8/20,4157.958033,2109769984,,,,
2017/8/21,4043.722,2800890112,,,,
2017/8/22,3986.28,3764239872,,,,
2017/8/23,4174.95,2369819904,,,,
2017/8/24,4340.316717,2037750016,,,,
2017/8/25,4331.77,1727970048,,,,
2017/8/26,4360.513317,1511609984,,,,
2017/8/27,4354.308333,1537459968,,,,
2017/8/28,4339.05,1959330048,,,,
2017/8/29,4607.98545,2486080000,,,,
2017/8/30,4594.98785,1937849984,,,,
2017/8/31,4582.52,1944930048,,,,
2017/9/1,4911.740017,2599079936,,,,
2017/9/2,4580.38748,2722139904,,,,
2017/9/3,4585.57,1933190016,,,,
2017/9/4,4344.098317,2987330048,,,,
2017/9/5,4488.72014,2697969920,,,,
2017/9/6,4385.02,2172100096,,,,
2017/9/7,4654.6585,1844620032,,,,
2017/9/8,4310.750183,2700890112,,,,
2017/9/9,4312.26,1386230016,,,,
2017/9/10,4329.955,1679090048,,,,
2017/9/11,4248.090017,1557330048,,,,
2017/9/12,4198.59,1864530048,,,,
2017/9/13,3961.271267,2219409920,,,,
2017/9/14,3319.63,2716310016,,,,
2017/9/15,3216.43,4148069888,,,,
2017/9/16,3763.62604,1818400000,,,,
2017/9/17,3746.060783,1239149952,,,,
2017/9/18,3678.53,1943209984,,,,
2017/9/19,3943.413333,1563980032,,,,
2017/9/20,3977.561667,1213830016,,,,
2017/9/21,3894.48,1411480064,,,,
2017/9/22,3637.50255,1194829952,,,,
2017/9/23,3776.3869,928113984,,,,
2017/9/24,3777.62,768014976,,,,
2017/9/25,3942.555,1374210048,,,,
2017/9/26,3910.307383,1043740032,,,,
2017/9/27,3881,1686880000,,,,
2017/9/28,4201.98905,1712320000,,,,
2017/9/29,4193.574667,1367049984,,,,
2017/9/30,4164.27,1207449984,,,,
2017/10/1,4360.722967,1208210048,,,,
2017/10/2,4386.88375,1431730048,,,,
2017/10/3,4394.07,1288019968,,,,
2017/10/4,4225.175,1116770048,,,,
2017/10/5,4338.852,1161769984,,,,
2017/10/6,4318.58,1069939968,,,,
2017/10/7,4376.191667,906928000,,,,
2017/10/8,4602.280883,1313869952,,,,
2017/10/9,4605.66,1968739968,,,,
2017/10/10,4782.28,1597139968,,,,
2017/10/11,4819.485767,1222279936,,,,
2017/10/12,4822.17,2791610112,,,,
2017/10/13,5563.806567,3615480064,,,,
2017/10/14,5739.438733,1669030016,,,,
2017/10/15,5825.99,1976039936,,,,
2017/10/16,5711.205867,2008070016,,,,
2017/10/17,5603.71294,1821570048,,,,
2017/10/18,5594.66,2399269888,,,,
2017/10/19,5727.6335,1780540032,,,,
2017/10/20,5979.45984,2354429952,,,,
2017/10/21,5986.44,2207099904,,,,
2017/10/22,5983.18455,2034630016,,,,
2017/10/23,5876.079867,2401840128,,,,
2017/10/24,5900.59,2735699968,,,,
2017/10/25,5669.622533,1966989952,,,,
2017/10/26,5893.138417,1905040000,,,,
2017/10/27,5889.82,1710130048,,,,
2017/10/28,5776.69695,1403920000,,,,
2017/10/29,6155.43402,2859040000,,,,
2017/10/30,6136.49,1772150016,,,,
2017/10/31,6388.645167,2311379968,,,,
2017/11/1,6665.306683,2870320128,,,,
2017/11/2,6751.98,4653770240,,,,
2017/11/3,7197.72006,3369860096,,,,
2017/11/4,7437.543317,2483800064,,,,
2017/11/5,7365.99,2380410112,,,,
2017/11/6,6989.071667,3111899904,,,,
2017/11/7,7092.127233,2326340096,,,,
2017/11/8,7128.64,4602200064,,,,
2017/11/9,7158.03706,3226249984,,,,
2017/11/10,6719.39785,5208249856,,,,
2017/11/11,6569.22,4908680192,,,,
2017/11/12,5716.301583,8957349888,,,,
2017/11/13,6550.227533,6263249920,,,,
2017/11/14,6493.63,3197110016,,,,
2017/11/15,7301.42992,4200880128,,,,
2017/11/16,7815.0307,5123809792,,,,
2017/11/17,7868.77,4651670016,,,,
2017/11/18,7817.140383,3667190016,,,,
2017/11/19,8007.654067,3149319936,,,,
2017/11/20,8049.72,3488450048,,,,
2017/11/21,8059.8,4277609984,,,,
2017/11/22,8268.035,3633530112,,,,
2017/11/23,8236.72,4225179904,,,,
2017/11/24,8250.978333,5058610176,,,,
2017/11/25,8707.407267,4342060032,,,,
2017/11/26,8768.8,5475579904,,,,
2017/11/27,9718.29505,5653320192,,,,
2017/11/28,9952.50882,6348819968,,,,
2017/11/29,9919,11568799744,,,,
2017/11/30,10147.372,8310689792,,,,
2017/12/1,10883.912,6783119872,,,,
2017/12/2,10879.88,5138500096,,,,
2017/12/3,11332.622,6608309760,,,,
2017/12/4,11584.83,6132409856,,,,
2017/12/5,11591.22,6895260160,,,,
2017/12/6,13540.98,12656300032,,,,
2017/12/7,16501.97167,17950699520,,,,
2017/12/8,16860.88,21135998976,,,,
2017/12/9,15142.83415,13911300096,,,,
2017/12/10,14869.805,13433299968,,,,
2017/12/11,15068.95,12153900032,,,,
2017/12/12,17276.39333,14603799552,,,,
2017/12/13,16808.36667,12976900096,,,,
2017/12/14,16252.31,13777399808,,,,
2017/12/15,17771.9,14309999616,,,,
2017/12/16,19498.68333,12740599808,,,,
2017/12/17,19279.9,13314599936,,,,
2017/12/18,18961.85667,14839499776,,,,
2017/12/19,17737.11167,16894499840,,,,
2017/12/20,17382.94,22149699584,,,,
2017/12/21,16047.51,16516599808,,,,
2017/12/22,15190.945,22197999616,,,,
2017/12/23,13776.61,13086000128,,,,
2017/12/24,13949.175,11572299776,,,,
2017/12/25,14119.02833,10664699904,,,,
2017/12/26,13740.94,13454300160,,,,
2017/12/27,15589.32167,12487600128,,,,
2017/12/28,14380.58167,12336499712,,,,
2017/12/29,14214.01,13025500160,,,,
2017/12/30,13215.574,14452599808,,,,
2017/12/31,14165.575,12136299520,,,,
2018/1/1,13796,10291200000,,,,
2018/1/2,15005.85667,16846600192,,,,
2018/1/3,15053.26167,16871900160,,,,
2018/1/4,15039.24,21783199744,,,,
2018/1/5,17174.12,23840899072,,,,
2018/1/6,17319.198,18314600448,,,,
2018/1/7,17155.95,15866000384,,,,
2018/1/8,15265.90667,18413899776,,,,
2018/1/9,14714.25333,16659999744,,,,
2018/1/10,14437.42,18500800512,,,,
2018/1/11,13296.794,16534099968,,,,
2018/1/12,13912.882,12065699840,,,,
2018/1/13,13791.19,12763599872,,,,
2018/1/14,13852.92,11084099584,,,,
2018/1/15,14012.196,12750799872,,,,
2018/1/16,13554.14,18853799936,,,,
2018/1/17,11116.94667,18830600192,,,,
2018/1/18,11345.42333,15020399616,,,,
2018/1/19,11174.82,10740400128,,,,
2018/1/20,12950.79333,11801700352,,,,
2018/1/21,11505.228,9935179776,,,,
2018/1/22,11513.42,10537400320,,,,
2018/1/23,11223.064,9660609536,,,,
2018/1/24,11282.25833,9940989952,,,,
2018/1/25,11392.03,8873169920,,,,
2018/1/26,10969.815,9746199552,,,,
2018/1/27,11524.77667,7583269888,,,,
2018/1/28,11431.37,8350360064,,,,
2018/1/29,11212.655,7107359744,,,,
2018/1/30,10184.06167,8637859840,,,,
2018/1/31,10082.52,8041160192,,,,
2018/2/1,9083.258333,9959400448,,,,
2018/2/2,8901.901667,12726899712,,,,
2018/2/3,8852.73,7263790080,,,,
2018/2/4,8400.648333,7073549824,,,,
2018/2/5,6838.816667,9285289984,,,,
2018/2/6,6925.46,13999800320,,,,
2018/2/7,8099.958333,9169280000,,,,
2018/2/8,8240.536667,9346750464,,,,
2018/2/9,8245.08,6784820224,,,,
2018/2/10,8319.876566,7780960256,,,,
2018/2/11,8343.455,6122189824,,,,
2018/2/12,8068.02,6256439808,,,,
2018/2/13,8597.7675,5696719872,,,,
2018/2/14,9334.633333,7909819904,,,,
2018/2/15,9471.64,9062540288,,,,
2018/2/16,10127.16167,7296159744,,,,
2018/2/17,10841.99167,8660880384,,,,
2018/2/18,11085.83,8744009728,,,,
2018/2/19,11110.965,7652089856,,,,
2018/2/20,11390.39167,9926540288,,,,
2018/2/21,11245.98,9405339648,,,,
2018/2/22,9931.071667,8040079872,,,,
2018/2/23,10162.11667,7739500032,,,,
2018/2/24,10171.3,6917929984,,,,
2018/2/25,9696.593333,5706939904,,,,
2018/2/26,10348.60333,7287690240,,,,
2018/2/27,10319.46,6966179840,,,,
2018/2/28,10370.165,6936189952,,,,
2018/3/1,11009.38167,7317279744,,,,
2018/3/2,10931.12,7620590080,,,,
2018/3/3,11326.94833,6690570240,,,,
2018/3/4,11430.18167,6084149760,,,,
2018/3/5,11516.83,6468539904,,,,
2018/3/6,10763.19833,6832169984,,,,
2018/3/7,10118.058,8797910016,,,,
2018/3/8,9920.46,7186089984,,,,
2018/3/9,9089.278333,8704190464,,,,
2018/3/10,8746.002,5386319872,,,,
2018/3/11,8777.37,6296370176,,,,
2018/3/12,9182.843333,6457399808,,,,
2018/3/13,9154.7,5991139840,,,,
2018/3/14,9153.54,6438230016,,,,
2018/3/15,8358.121667,6834429952,,,,
2018/3/16,8530.402,5289379840,,,,
2018/3/17,8297.89,4426149888,,,,
2018/3/18,8171.415,6639190016,,,,
2018/3/19,8412.033333,6729110016,,,,
2018/3/20,8605.64,6361789952,,,,
2018/3/21,8947.753333,6043129856,,,,
2018/3/22,8690.408333,5530390016,,,,
2018/3/23,8725.37,5954120192,,,,
2018/3/24,8662.378333,5664600064,,,,
2018/3/25,8617.296667,4569880064,,,,
2018/3/26,8457.96,5921039872,,,,
2018/3/27,7876.195,5378250240,,,,
2018/3/28,7960.38,4935289856,,,,
2018/3/29,7950.61,6361229824,,,,
2018/3/30,6882.531667,6289509888,,,,
2018/3/31,6935.48,4553269760,,,,
2018/4/1,6937.56,4532100096,,,,
2018/4/2,7035.848333,4333440000,,,,
2018/4/3,7410.435,5499700224,,,,
2018/4/4,7426.48,4936000000,,,,
2018/4/5,6826.51,5639320064,,,,
2018/4/6,6603.876667,3766810112,,,,
2018/4/7,6634.68,3976610048,,,,
2018/4/8,7017.656667,3652499968,,,,
2018/4/9,6699.273333,4894060032,,,,
2018/4/10,6784.41,4272750080,,,,
2018/4/11,6926.266667,4641889792,,,,
2018/4/12,7847.845,8906250240,,,,
2018/4/13,7941.46,7764460032,,,,
2018/4/14,8036.511051,5191430144,,,,
2018/4/15,8340.748333,5244480000,,,,
2018/4/16,8368.1,5631309824,,,,
2018/4/17,7895.416926,6900879872,,,,
2018/4/18,8164.937426,6529909760,,,,
2018/4/19,8175.96,7063209984,,,,
2018/4/20,8852.718333,8438110208,,,,
2018/4/21,8807.205,7548550144,,,,
2018/4/22,8930.6,6629899776,,,,
2018/4/23,8933.861667,6925190144,,,,
2018/4/24,9555.542,10678800384,,,,
2018/4/25,9658.11,11083100160,,,,
2018/4/26,9258.398333,8970559488,,,,
2018/4/27,9010.32,7566289920,,,,
2018/4/28,8928.55,7805479936,,,,
2018/4/29,9334.281667,8853000192,,,,
2018/4/30,9259.57,8673920000,,,,
2018/5/1,9239.55,7713019904,,,,
2018/5/2,9221.426,7558159872,,,,
2018/5/3,9639.268333,10207299584,,,,
2018/5/4,9753.35,8217829888,,,,
2018/5/5,9803.306667,7651939840,,,,
2018/5/6,9630.136277,7222280192,,,,
2018/5/7,9631.44,7394019840,,,,
2018/5/8,9228.608333,7415869952,,,,
2018/5/9,9322.041667,7226890240,,,,
2018/5/10,9310.37,6906699776,,,,
2018/5/11,8468.788,8488520192,,,,
2018/5/12,8484.346667,6821380096,,,,
2018/5/13,8463.52,5866379776,,,,
2018/5/14,8652.038333,7364149760,,,,
2018/5/15,8511.458,6705710080,,,,
2018/5/16,8471.06,6760220160,,,,
2018/5/17,8106.118333,5862530048,,,,
2018/5/18,8240.055,5764190208,,,,
2018/5/19,8239.08,4712399872,,,,
2018/5/20,8507.406667,5191059968,,,,
2018/5/21,8385.556187,5154990080,,,,
2018/5/22,8396.63,5137010176,,,,
2018/5/23,7555.74,6491120128,,,,
2018/5/24,7566.193333,6049220096,,,,
2018/5/25,7576.78,4867829760,,,,
2018/5/26,7342.908333,4051539968,,,,
2018/5/27,7361.831667,4056519936,,,,
2018/5/28,7344.56,5040600064,,,,
2018/5/29,7459.876667,5662660096,,,,
2018/5/30,7385.395,4922540032,,,,
2018/5/31,7386.72,5127130112,,,,
2018/6/1,7535.146667,4921460224,,,,
2018/6/2,7645.146667,4939299840,,,,
2018/6/3,7637.14,4851760128,,,,
2018/6/4,7500.273333,4993169920,,,,
2018/6/5,7615.722142,4961739776,,,,
2018/6/6,7619.43,4692259840,,,,
2018/6/7,7676.271667,4485799936,,,,
2018/6/8,7620.153333,4227579904,,,,
2018/6/9,7615.54,3845220096,,,,
2018/6/10,6776.888333,5804839936,,,,
2018/6/11,6875.678333,4745269760,,,,
2018/6/12,6879.31,4654380032,,,,
2018/6/13,6315.7,5052349952,,,,
2018/6/14,6647.013333,5138710016,,,,
2018/6/15,6637.41,3955389952,,,,
2018/6/16,6509.426667,3194170112,,,,
2018/6/17,6464.411667,3104019968,,,,
2018/6/18,6445.79,4039200000,,,,
2018/6/19,6737,4057029888,,,,
2018/6/20,6714.718333,3888640000,,,,
2018/6/21,6760.83,3529129984,,,,
2018/6/22,6332.573333,5079810048,,,,
2018/6/23,6141.605833,3431360000,,,,
2018/6/24,6170.46,4566909952,,,,
2018/6/25,6211.4475,5500810240,,,,
2018/6/26,6218.595,3279759872,,,,
2018/6/27,6097.46,3296219904,,,,
2018/6/28,6107.896154,3467800064,,,,
2018/6/29,5908.7025,3966230016,,,,
2018/6/30,6223.28,4543860224,,,,
2018/7/1,6374.754167,4788259840,,,,
2018/7/2,6466.069167,4396930048,,,,
2018/7/3,6626.44,4672309760,,,,
2018/7/4,6593.289167,4176689920,,,,
2018/7/5,6603.376667,4999240192,,,,
2018/7/6,6555.51,4313959936,,,,
2018/7/7,6594.281667,3961080064,,,,
2018/7/8,6753.559167,3386210048,,,,
2018/7/9,6724.04,3718129920,,,,
2018/7/10,6510.791667,4052430080,,,,
2018/7/11,6377.363333,3644859904,,,,
2018/7/12,6403.18,3770170112,,,,
2018/7/13,6244.3575,3805400064,,,,
2018/7/14,6241,2923670016,,,,
2018/7/15,6248.84,3285459968,,,,
2018/7/16,6514.390833,4725799936,,,,
2018/7/17,6869.910833,5961950208,,,,
2018/7/18,7321.62,6103410176,,,,
2018/7/19,7396.401667,5111629824,,,,
2018/7/20,7428.045,4936869888,,,,
2018/7/21,7334.99,3726609920,,,,
2018/7/22,7451.289167,3695460096,,,,
2018/7/23,7689.884167,5132480000,,,,
2018/7/24,7715.1,7277689856,,,,
2018/7/25,8251.165,5845400064,,,,
2018/7/26,8187.324167,4899089920,,,,
2018/7/27,7939.81,5195879936,,,,
2018/7/28,8182.251667,3988750080,,,,
2018/7/29,8206.341667,4107190016,,,,
2018/7/30,8220.91,5551400000,,,,
2018/7/31,7916.800833,5287530000,,,,
2018/8/1,7570.869167,4797620000,,,,
2018/8/2,7607.7,4214110000,,,,
2018/8/3,7394.499167,4627150000,,,,
2018/8/4,7247.769167,4268390000,,,,
2018/8/5,7011.28,3679110000,,,,
2018/8/6,6988.079167,3925900000,,,,
2018/8/7,6993.513333,4682800000,,,,
2018/8/8,6718.23,5064430000,,,,
2018/8/9,6396.7725,4267040000,,,,
2018/8/10,6396.494667,4528680000,,,,
2018/8/11,6138.96,4047850000,,,,
2018/8/12,6311.131667,5665250000,,,,
2018/8/13,6347.07,4083980000,,,,
2018/8/14,6252.13,5301700000,,,,
2018/8/15,6362.676923,4895450000,,,,
2018/8/16,6342.629231,4328420000,,,,
2018/8/17,6312.75,4992990000,,,,
2018/8/18,6436.720833,3984520000,,,,
2018/8/19,6404.063333,3311170000,,,,
2018/8/20,6486.58,3665100000,,,,
2018/8/21,6401.246154,3377180000,,,,
2018/8/22,6575.229167,4668110000,,,,
2018/8/23,6354.57,3426180000,,,,
2018/8/24,6543.645714,4097820000,,,,
2018/8/25,6719.429231,3312600000,,,,
2018/8/26,6738.27,3295500000,,,,
2018/8/27,6719.266154,4019000000,,,,
2018/8/28,7000.04,4659940000,,,,
2018/8/29,7078.19,4145880000,,,,
2018/8/30,6932.6625,4463250000,,,,
2018/8/31,6981.946154,4495650000,,,,
2018/9/1,7018.78,4116050000,,,,
2018/9/2,7247.935385,4329540000,,,,
2018/9/3,7260.949231,4087760000,,,,
2018/9/4,7265.08,4273640000,,,,
2018/9/5,7113.069231,5800460000,,,,
2018/9/6,6433.271667,5523470000,,,,
2018/9/7,6501.19,4264680000,,,,
2018/9/8,6366.1075,3835060000,,,,
2018/9/9,6286.425833,3671890000,,,,
2018/9/10,6240.98,3714100000,,,,
2018/9/11,6296.320833,3849910000,,,,
2018/9/12,6273.1375,4064230000,,,,
2018/9/13,6326.04,4210910000,,,,
2018/9/14,6499.0625,4076220000,,,,
2018/9/15,6518.655,3216300000,,,,
2018/9/16,6522.39,3273730000,,,,
2018/9/17,6400.600833,3910780000,,,,
2018/9/18,6296.631667,4180090000,,,,
2018/9/19,6342.39,4431340000,,,,
2018/9/20,6418.562667,4348110000,,,,
2018/9/21,6669.990833,6531940000,,,,
2018/9/22,6756.12,4509660000,,,,
2018/9/23,6710.445,4197500000,,,,
2018/9/24,6639.304167,4177310000,,,,
2018/9/25,6583.45,4726180000,,,,
2018/9/26,6468.631667,4437300000,,,,
2018/9/27,6535.476667,4606810000,,,,
2018/9/28,6686.08,5014430000,,,,
2018/9/29,6550.474167,4363690000,,,,
2018/9/30,6593.135,4002280000,,,,
2018/10/1,6611.02,4000970000,,,,
2018/10/2,6562.641667,3979260000,,,,
2018/10/3,6470.4025,3887310000,,,,
2018/10/4,6483.73,3838410000,,,,
2018/10/5,6568.549167,3671500000,,,,
2018/10/6,6581.486667,3259740000,,,,
2018/10/7,6573.62,3306630000,,,,
2018/10/8,6618.567692,3979460000,,,,
2018/10/9,6621.711667,3580810000,,,,
2018/10/10,6626.85,3787650000,,,,
2018/10/11,6248.635833,5181640000,,,,
2018/10/12,6260.530833,3783500000,,,,
2018/10/13,6247,3064030000,,,,
2018/10/14,6299.399167,3085320000,,,,
2018/10/15,6452.571667,7370770000,,,,
2018/10/16,6599.17,4074800000,,,,
2018/10/17,6596.276154,4088420000,,,,
2018/10/18,6568.040769,3924080000,,,,
2018/10/19,6509.61,3578870000,,,,
2018/10/20,6488.825833,3379130000,,,,
2018/10/21,6531.601667,3253610000,,,,
2018/10/22,6504.78,3672860000,,,,
2018/10/23,6481.426,3716150000,,,,
2018/10/24,6508.31,3424670000,,,,
2018/10/25,6489.77,3230550000,,,,
2018/10/26,6473.753333,3306050000,,,,
2018/10/27,6465.9175,3393250000,,,,
2018/10/28,6457.21,3445190000,,,,
2018/10/29,6382.668333,4199910000,,,,
2018/10/30,6309.452857,3781100000,,,,
2018/10/31,6301.61,4191240000,,,,
2018/11/1,6342.280833,3789400000,,,,
2018/11/2,6387.674167,4234870000,,,,
2018/11/3,6390.42,3658640000,,,,
2018/11/4,6391.873333,4390020000,,,,
2018/11/5,6436.965,4174800000,,,,
2018/11/6,6437.76,4700040000,,,,
2018/11/7,6538.79,4941260000,,,,
2018/11/8,6486.251667,4665260000,,,,
2018/11/9,6444.97,4346820000,,,,
2018/11/10,6399.033333,3705320000,,,,
2018/11/11,6378.268333,3939060000,,,,
2018/11/12,6408.53,4295770000,,,,
2018/11/13,6372.063333,4503800000,,,,
2018/11/14,6176.155,7398940000,,,,
2018/11/15,5756.77,7032140000,,,,
2018/11/16,5596.1925,5279320000,,,,
2018/11/17,5558.243333,4303150000,,,,
2018/11/18,5572.44,4159680000,,,,
2018/11/19,5303.9425,7039560000,,,,
2018/11/20,4671.97,8428290000,,,,
2018/11/21,4491.98,6120120000,,,,
2018/11/22,4548.7975,4569370000,,,,
2018/11/23,4309.3375,4871490000,,,,
2018/11/24,4352.98,4679500000,,,,
2018/11/25,3823.511667,6825640000,,,,
2018/11/26,3920.536667,6476900000,,,,
2018/11/27,3793.35,5998720000,,,,
2018/11/28,4103.453846,7280280000,,,,
2018/11/29,4263.783333,6503347767,,,,
2018/11/30,4278.77,6048016717,,,,
2018/12/1,4116.7775,5375314093,,,,
2018/12/2,4167.546667,5262697895,,,,
2018/12/3,4140.6,5089570994,,,,
2018/12/4,3961.493333,5028069239,,,,
2018/12/5,3858.349167,5302481574,,,,
2018/12/6,3744.98,5878333109,,,,
2018/12/7,3405.643333,6835615448,,,,
2018/12/8,3435.34,5305024497,,,,
2018/12/9,3453.66,4947372847,,,,
2018/12/10,3523.96,5020968740,,,,
2018/12/11,3426.19,4696765188,,,,
2018/12/12,3407.28,4139364829,,,,
2018/12/13,3406.7625,4343372456,,,,
2018/12/14,3278.374167,4372763663,,,,
2018/12/15,3242.42,3551763561,,,,
2018/12/16,3271.238333,3744248994,,,,
2018/12/17,3392.405,5409247918,,,,
2018/12/18,3556.54,5911325473,,,,
2018/12/19,3808.0425,6810689119,,,,
2018/12/20,3982.850833,8927129279,,,,
2018/12/21,4135.19,7206015706,,,,
2018/12/22,3910.973333,5605823233,,,,
2018/12/23,4027.478333,6151275490,,,,
2018/12/24,3995.17,7240968501,,,,
2018/12/25,3813.88,6158207293,,,,
2018/12/26,3825.379167,5326547918,,,,
2018/12/27,3848.21,5130222366,,,,
2018/12/28,3743.905,5631554348,,,,
2018/12/29,3912.285833,4991655917,,,,
2018/12/30,3770.36,4770578575,,,,
2018/12/31,3791.545833,4661840806,,,,
2019/1/1,3752.271667,4324200990,,,,
2019/1/2,3855.88,5244856836,,,,
2019/1/3,3865.7975,4530215219,,,,
2019/1/4,3822.626667,4847965467,,,,
2019/1/5,3856.62,5137609824,,,,
2019/1/6,3920.456667,5597027440,,,,
2019/1/7,4036.093333,5228625637,,,,
2019/1/8,4032.25,5306593305,,,,
2019/1/9,4034.138333,5115905225,,,,
2019/1/10,3812.585833,6874143796,,,,
2019/1/11,3646.25,5538712865,,,,
2019/1/12,3646.345833,4778170883,,,,
2019/1/13,3599.841667,4681302466,,,,
2019/1/14,3531.96,5651384490,,,,
2019/1/15,3656.785,5537192302,,,,
2019/1/16,3621.270833,5394457145,,,,
2019/1/17,3621.43,5464420383,,,,
2019/1/18,3632.395,5002961727,,,,
2019/1/19,3690.523333,5955691380,,,,
2019/1/20,3703.98,5582489560,,,,
2019/1/21,3548.4275,5004347059,,,,
2019/1/22,3540.02,5313623556,,,,
2019/1/23,3587.35,5433755649,,,,
2019/1/24,3566.4,5262869046,,,,
2019/1/25,3586.25,5265847539,,,,
2019/1/26,3577.79,5098183235,,,,
2019/1/27,3576.3,5570752966,,,,
2019/1/28,3554.5,6908930483,,,,
2019/1/29,3448.58,5897159493,,,,
2019/1/30,3421.6,5955112627,,,,
2019/1/31,3470,5831198271,,,,
2019/2/1,3444.81,5422926707,,,,
2019/2/2,3475.33,5071623601,,,,
2019/2/3,3506.22,5043937584,,,,
2019/2/4,3456.02,5332718886,,,,
2019/2/5,3452.35,5227549545,,,,
2019/2/6,3467.34,5482196038,,,,
2019/2/7,3405.7,5004962683,,,,
2019/2/8,3394.76,7735623101,,,,
2019/2/9,3661.08,6158833645,,,,
2019/2/10,3664.38,6282256903,,,,
2019/2/11,3686.29,6277056434,,,,
2019/2/12,3629.47,6480384532,,,,
2019/2/13,3632.42,6438903823,,,,
2019/2/14,3614.5,6271044418,,,,
2019/2/15,3600.31,6091952231,,,,
2019/2/16,3608.2,5934744052,,,,
2019/2/17,3619.55,7039512503,,,,
2019/2/18,3670.74,9908216640,,,,
2019/2/19,3910.8,9933626655,,,,
2019/2/20,3926.53,8693373948,,,,
2019/2/21,3987.18,7775128102,,,,
2019/2/22,3944.88,7826525254,,,,
2019/2/23,3983.48,8922258316,,,,
2019/2/24,4139.6,10794227451,,,,
2019/2/25,3766.89,9318796067,,,,
2019/2/26,3848.33,7931218996,,,,
2019/2/27,3831.45,8301309684,,,,
2019/2/28,3833.23,8399767798,,,,
2019/3/1,3850.08,7661247975,,,,
2019/3/2,3834.62,7578786076,,,,
2019/3/3,3831.44,7253558152,,,,
2019/3/4,3814.58,9029175788,,,,
2019/3/5,3730.98,10174126415,,,,
2019/3/6,3872.25,9175291529,,,,
2019/3/7,3876.85,9584165519,,,,
2019/3/8,3886.82,10638638944,,,,
2019/3/9,3875.96,10796103518,,,,
2019/3/10,3950.56,9713267607,,,,
2019/3/11,3928.17,10125901903,,,,
2019/3/12,3881.09,9809887079,,,,
2019/3/13,3892.51,9469184841,,,,
2019/3/14,3877.77,10480789570,,,,
2019/3/15,3885.21,9394210605,,,,
2019/3/16,3936.5,9856166973,,,,
2019/3/17,4015.95,8221625400,,,,
2019/3/18,3994.92,9646954186,,,,
2019/3/19,3998.77,9344919956,,,,
2019/3/20,4029.11,10175916388,,,,
2019/3/21,4056.4,10831212662,,,,
2019/3/22,3992.34,9252935969,,,,
2019/3/23,3999.06,9578850549,,,,
2019/3/24,4011.92,9144851065,,,,
2019/3/25,3994.11,10359818883,,,,
2019/3/26,3935.89,10707678815,,,,
2019/3/27,3947.74,10897131934,,,,
2019/3/28,4048.51,9353915899,,,,
2019/3/29,4037.37,10918665557,,,,
2019/3/30,4115.55,9732688060,,,,
2019/3/31,4114.44,9045122443,,,,
2019/4/1,4114.16,10157794171,,,,
2019/4/2,4152.53,21315047816,,,,
2019/4/3,4882.88,22899891582,,,,
2019/4/4,4959.81,18251810240,,,,
2019/4/5,4911.24,16837325387,,,,
2019/4/6,5028.77,16929795194,,,,
2019/4/7,5053.52,16655416140,,,,
2019/4/8,5189.39,17154113634,,,,
2019/4/9,5268.71,14722104361,,,,
2019/4/10,5175.81,15504590933,,,,
2019/4/11,5310.18,16555616019,,,,
2019/4/12,5035.02,13675206312,,,,
2019/4/13,5072.85,10823289598,,,,
2019/4/14,5064.62,10391952498,,,,
2019/4/15,5152.51,12290155061,,,,
2019/4/16,5036.18,11618660197,,,,
2019/4/17,5196.65,12438480677,,,,
2019/4/18,5220.37,13256489918,,,,
2019/4/19,5276.31,13780238655,,,,
2019/4/20,5277.04,13169647522,,,,
2019/4/21,5309.28,13731844223,,,,
2019/4/22,5281.83,14601631648,,,,
2019/4/23,5377.19,15867308108,,,,
2019/4/24,5518.16,17048033399,,,,
2019/4/25,5434.19,15330283408,,,,
2019/4/26,5195.61,16812108040,,,,
2019/4/27,5292.83,13111274675,,,,
2019/4/28,5280.19,12819992056,,,,
2019/4/29,5301.29,13735490672,,,,
2019/4/30,5260.65,13878964574,,,,
2019/5/1,5269.79,13679528236,,,,
2019/5/2,5326.67,14644460907,,,,
2019/5/3,5390.16,18720780006,,,,
2019/5/4,5657.14,17567780766,,,,
2019/5/5,5771.08,14808830723,,,,
2019/5/6,5717.66,15737171804,,,,
2019/5/7,5684.47,18026409033,,,,
2019/5/8,5755.72,15320605300,,,,
2019/5/9,5936.72,16784645411,,,,
2019/5/10,6146.91,19419875368,,,,
2019/5/11,6348.02,28867562329,,,,
2019/5/12,7248.31,27773333680,,,,
2019/5/13,6978.63,28677672181,,,,
2019/5/14,7823.11,32031452227,,,,
2019/5/15,7992.69,28344112920,,,,
2019/5/16,8206.9,33167197581,,,,
2019/5/17,7885.96,30066644905,,,,
2019/5/18,7362.22,21354286562,,,,
2019/5/19,7265.05,25902422040,,,,
2019/5/20,8193.7,23843404340,,,,
2019/5/21,8007.03,25127245056,,,,
2019/5/22,7952.5,24719473175,,,,
2019/5/23,7625.93,24457107820,,,,
2019/5/24,7880.29,25919126991,,,,
2019/5/25,8003.26,22256813107,,,,
2019/5/26,8071.45,26677970091,,,,
2019/5/27,8744.42,27949839564,,,,
2019/5/28,8770.06,24226919267,,,,
2019/5/29,8719.88,23473479966,,,,
2019/5/30,8662.98,29246528551,,,,
2019/5/31,8272.46,25365190957,,,,
2019/6/1,8553.81,22488303544,,,,
2019/6/2,8554.8,20266216022,,,,
2019/6/3,8739.03,22004511436,,,,
2019/6/4,8134.92,24609731549,,,,
2019/6/5,7675.8,21760923463,,,,
2019/6/6,7786.04,19474611077,,,,
2019/6/7,7803.23,19141423231,,,,
2019/6/8,7998.29,16522722810,,,,
2019/6/9,7931.34,16610726547,,,,
2019/6/10,7640.61,18689275117,,,,
2019/6/11,8020.38,17107279932,,,,
2019/6/12,7917.58,19034432883,,,,
2019/6/13,8173.06,18669407147,,,,
2019/6/14,8237.88,19831162906,,,,
2019/6/15,8693.6,18371033226,,,,
2019/6/16,8859.47,23348550311,,,,
2019/6/17,8978.99,15562951919,,,,
2019/6/18,9327.48,15848210536,,,,
2019/6/19,9076.18,15546809946,,,,
2019/6/20,9281.7,17846823784,,,,
2019/6/21,9531.35,20624008643,,,,
2019/6/22,10209.38,29995204861,,,,
2019/6/23,10668.63,20998326502,,,,
2019/6/24,10814.48,19271652365,,,,
2019/6/25,11017.5,24879684533,,,,
2019/6/26,11766.4,45105733173,,,,
2019/6/27,12932.55,39977475223,,,,
2019/6/28,11132.85,35087757766,,,,
2019/6/29,12374.35,29923961128,,,,
2019/6/30,11890.38,27256473494,,,,
2019/7/1,10737.73,29378589324,,,,
2019/7/2,10578.72,31015895223,,,,
2019/7/3,10805.4,30796494294,,,,
2019/7/4,11984.76,25920294033,,,,
2019/7/5,11160.49,23838480210,,,,
2019/7/6,10955.16,21092024306,,,,
2019/7/7,11232.04,19369044277,,,,
2019/7/8,11477.01,23482551458,,,,
2019/7/9,12313.08,28167921523,,,,
2019/7/10,12586.78,33627574244,,,,
2019/7/11,12099.9,28595327690,,,,
2019/7/12,11352.87,23534692797,,,,
2019/7/13,11803.97,21042616384,,,,
2019/7/14,11389.1,22486000001,,,,
2019/7/15,10186.96,25384047207,,,,
2019/7/16,10873.5,24151199070,,,,
2019/7/17,9397.72,24569921549,,,,
2019/7/18,9674.28,25187024648,,,,
2019/7/19,10638.56,20727426310,,,,
2019/7/20,10535.75,20206615155,,,,
2019/7/21,10764.9,17130580467,,,,
2019/7/22,10587.41,16334414913,,,,
2019/7/23,10323.62,17851916995,,,,
2019/7/24,9844.3,17398734322,,,,
2019/7/25,9772.17,15821952090,,,,
2019/7/26,9875.17,14495714483,,,,
2019/7/27,9848.65,16817809536,,,,
2019/7/28,9473.99,13738687093,,,,
2019/7/29,9530,13791445323,,,,
2019/7/30,9501.33,13829811132,,,,
2019/7/31,9589.13,16631520648,,,,
2019/8/1,10084.7,17165337858,,,,
2019/8/2,10407.17,17489094082,,,,
2019/8/3,10529.55,15352685061,,,,
2019/8/4,10814.57,16530894787,,,,
2019/8/5,10980.23,23875988832,,,,
2019/8/6,11787.99,23635107660,,,,
2019/8/7,11465.67,22194988641,,,,
2019/8/8,11960.82,19481591730,,,,
2019/8/9,11996.41,18339989960,,,,
2019/8/10,11856.64,18125355447,,,,
2019/8/11,11282.22,15774371518,,,,
2019/8/12,11566.84,13647198229,,,,
2019/8/13,11386.26,16681503537,,,,
2019/8/14,10858.12,19990838300,,,,
2019/8/15,10016.96,22899115082,,,,
2019/8/16,10302.17,20228207096,,,,
2019/8/17,10359.44,13778035685,,,,
2019/8/18,10214.52,12999813869,,,,
2019/8/19,10317.6,16038264603,,,,
2019/8/20,10917.26,15053082175,,,,
2019/8/21,10760.56,19473084768,,,,
2019/8/22,10129.4,17097508856,,,,
2019/8/23,10111.98,15627023886,,,,
2019/8/24,10405.81,15451030650,,,,
2019/8/25,10143.8,14153856610,,,,
2019/8/26,10135.06,18438654080,,,,
2019/8/27,10360.28,14762609503,,,,
2019/8/28,10171.95,17603790323,,,,
2019/8/29,9717.82,17045878501,,,,
2019/8/30,9484.55,13595263986,,,,
2019/8/31,9577.99,11454806419,,,,
2019/9/1,9600.9,11445355859,,,,
2019/9/2,9769.79,17248102294,,,,
2019/9/3,10386.64,19384917989,,,,
2019/9/4,10621.29,16742664769,,,,
2019/9/5,10584.16,14551239508,,,,
2019/9/6,10577.8,19536574783,,,,
2019/9/7,10317.47,15307366476,,,,
2019/9/8,10487.21,13670567493,,,,
2019/9/9,10406.31,17595943368,,,,
2019/9/10,10313.66,14906809639,,,,
2019/9/11,10101.03,15428063426,,,,
2019/9/12,10159.32,15323563925,,,,
2019/9/13,10420.16,14109864675,,,,
2019/9/14,10363.9,13468713124,,,,
2019/9/15,10361.33,12043433567,,,,
2019/9/16,10310.43,15160167779,,,,
2019/9/17,10265.63,15304603363,,,,
2019/9/18,10190.36,16169268880,,,,
2019/9/19,10157.59,19937691247,,,,
2019/9/20,10275.88,14734189639,,,,
2019/9/21,10173.11,13425266806,,,,
2019/9/22,9979.49,13199651698,,,,
2019/9/23,10033.05,15144925408,,,,
2019/9/24,9683.38,25002886689,,,,
2019/9/25,8553.61,21744728353,,,,
2019/9/26,8432.23,19258205289,,,,
2019/9/27,8055.64,16408941156,,,,
2019/9/28,8193.9,14141152736,,,,
2019/9/29,8225,13034629109,,,,
2019/9/30,8056.74,17115474183,,,,
2019/10/1,8307.74,15305343413,,,,
2019/10/2,8322.92,13125712443,,,,
2019/10/3,8382.03,13668823409,,,,
2019/10/4,8236.17,13139456229,,,,
2019/10/5,8155.48,12200497197,,,,
2019/10/6,8147.69,13160830305,,,,
2019/10/7,7869.74,18009742607,,,,
2019/10/8,8212.02,15592264032,,,,
2019/10/9,8190,19384942333,,,,
2019/10/10,8587.92,17618660671,,,,
2019/10/11,8586.9,19604381101,,,,
2019/10/12,8269.73,14532641605,,,,
2019/10/13,8308.01,13808286059,,,,
2019/10/14,8283.76,15151387859,,,,
2019/10/15,8353.54,15220412632,,,,
2019/10/16,8162.16,16071646996,,,,
2019/10/17,8002.51,14313052244,,,,
2019/10/18,8076.78,15651592610,,,,
2019/10/19,7954.15,13797825640,,,,
2019/10/20,7960.04,15504249442,,,,
2019/10/21,8231.06,15868748866,,,,
2019/10/22,8222.52,16803377857,,,,
2019/10/23,8026.76,21942878958,,,,
2019/10/24,7469.56,16268708849,,,,
2019/10/25,7431.88,28705065488,,,,
2019/10/26,8666.79,44496255609,,,,
2019/10/27,9259.8,32593129501,,,,
2019/10/28,9551.54,30948255332,,,,
2019/10/29,9218.76,28426779937,,,,
2019/10/30,9433.35,27706531577,,,,
2019/10/31,9164.62,26583653947,,,,
2019/11/1,9147.98,24324691031,,,,
2019/11/2,9252.99,21242676385,,,,
2019/11/3,9301.18,21132220847,,,,
2019/11/4,9206.16,26170255634,,,,
2019/11/5,9418.05,26198609048,,,,
2019/11/6,9310.19,23133895765,,,,
2019/11/7,9343.34,22700383839,,,,
2019/11/8,9204.24,24333037836,,,,
2019/11/9,8766.04,17578630606,,,,
2019/11/10,8809.41,20587919881,,,,
2019/11/11,9037.12,20265510765,,,,
2019/11/12,8717.81,20309769107,,,,
2019/11/13,8801.52,17545755405,,,,
2019/11/14,8762.42,19084739975,,,,
2019/11/15,8632.32,21796856471,,,,
2019/11/16,8457.69,16495389808,,,,
2019/11/17,8482.7,18668638897,,,,
2019/11/18,8503.93,21579470673,,,,
2019/11/19,8175.99,21083613816,,,,
2019/11/20,8120.8,20764300437,,,,
2019/11/21,8081.81,22514243371,,,,
2019/11/22,7617.07,34242315785,,,,
2019/11/23,7286.35,21008924418,,,,
2019/11/24,7324.03,30433517289,,,,
2019/11/25,6907.4,42685231262,,,,
2019/11/26,7130.25,21129505542,,,,
2019/11/27,7163.63,23991412764,,,,
2019/11/28,7523.83,19050116751,,,,
2019/11/29,7431,19709695456,,,,
2019/11/30,7757.47,17158194786,,,,
2019/12/1,7557.72,18720708479,,,,
2019/12/2,7402.69,17082040706,,,,
2019/12/3,7309.59,14797485769,,,,
2019/12/4,7296.77,21664240918,,,,
2019/12/5,7192.85,18816085231,,,,
2019/12/6,7395.97,18104466307,,,,
2019/12/7,7547.19,15453520564,,,,
2019/12/8,7504.83,15409908086,,,,
2019/12/9,7522.39,17872021272,,,,
2019/12/10,7337.42,18249031195,,,,
2019/12/11,7220.76,16350490689,,,,
2019/12/12,7202.31,18927080224,,,,
2019/12/13,7189.16,17125736940,,,,
2019/12/14,7251.87,17137029730,,,,
2019/12/15,7067.74,16881129804,,,,
2019/12/16,7111.14,20213265950,,,,
2019/12/17,6879.54,22363804217,,,,
2019/12/18,6612.12,31836522778,,,,
2019/12/19,7284.29,25904604416,,,,
2019/12/20,7150.86,22633815180,,,,
2019/12/21,7190.17,19312552168,,,,
2019/12/22,7143.2,23134537956,,,,
2019/12/23,7514.41,27831788041,,,,
2019/12/24,7322.08,22991622105,,,,
2019/12/25,7250.69,21559505149,,,,
2019/12/26,7192.72,22787010034,,,,
2019/12/27,7194.4,22777360996,,,,
2019/12/28,7243.93,21365673026,,,,
2019/12/29,7301.07,22445257702,,,,
2019/12/30,7385.36,22874131672,,,,
2019/12/31,7219.6,21167946112,,,,
2020/1/1,7168.31,18565664997,,,,
2020/1/2,7175.68,20802083465,,,,
2020/1/3,6944.33,28111481032,,,,
2020/1/4,7326.35,18444271275,,,,
2020/1/5,7347.89,19725074095,,,,
2020/1/6,7351.57,23276261598,,,,
2020/1/7,7759.24,28767291327,,,,
2020/1/8,8165.47,31672559265,,,,
2020/1/9,8042.65,24045990466,,,,
2020/1/10,7817.92,28714583844,,,,
2020/1/11,8184.66,25521165085,,,,
2020/1/12,8021.49,22903438381,,,,
2020/1/13,8173.97,22482910688,,,,
2020/1/14,8105.24,44841784107,,,,
2020/1/15,8842.42,40102834650,,,,
2020/1/16,8813.89,31313981931,,,,
2020/1/17,8722.03,36372139320,,,,
2020/1/18,8900.34,32337772627,,,,
2020/1/19,8910.85,34217320471,,,,
2020/1/20,8703.36,26422375678,,,,
2020/1/21,8626.47,24097418512,,,,
2020/1/22,8722.26,22600204051,,,,
2020/1/23,8658.94,25770680779,,,,
2020/1/24,8388.11,24397913026,,,,
2020/1/25,8428.17,19647331549,,,,
2020/1/26,8327.36,22177678796,,,,
2020/1/27,8588.42,28647338393,,,,
2020/1/28,8895.78,34398744403,,,,
2020/1/29,9385.69,30682598115,,,,
2020/1/30,9279.81,32378792851,,,,
2020/1/31,9502.37,29432489719,,,,
2020/2/1,9333.77,25922656496,,,,
2020/2/2,9378.09,30835736946,,,,
2020/2/3,9314.56,30934096509,,,,
2020/2/4,9162.14,29893183716,,,,
2020/2/5,9162.14,35222060874,,,,
2020/2/6,9614.9,37628823716,,,,
2020/2/7,9755.66,34522718159,,,,
2020/2/8,9807.54,35172043762,,,,
2020/2/9,9907.12,35807884663,,,,
2020/2/10,10162.41,39386548075,,,,
2020/2/11,9854.79,37648059389,,,,
2020/2/12,10275.38,43444303830,,,,
2020/2/13,10354.3,49356071373,,,,
2020/2/14,10242.43,43338264162,,,,
2020/2/15,10368.53,43865054831,,,,
2020/2/16,9904.17,43374780305,,,,
2020/2/17,9937.67,45998298413,,,,
2020/2/18,9703.93,47271023953,,,,
2020/2/19,10180.65,46992019710,,,,
2020/2/20,9604.72,44925260237,,,,
2020/2/21,9606.86,40930547513,,,,
2020/2/22,9696.58,35838025154,,,,
2020/2/23,9669.63,41185185761,,,,
2020/2/24,9989.39,45080496648,,,,
2020/2/25,9663.75,42515259129,,,,
2020/2/26,9309.15,50420050762,,,,
2020/2/27,8785.52,45470195695,,,,
2020/2/28,8804.72,44605450443,,,,
2020/2/29,8712.35,35792392544,,,,
2020/3/1,8534.17,35349164300,,,,
2020/3/2,8912.82,42857674409,,,,
2020/3/3,8912.82,42386715821,,,,
2020/3/4,8754.34,34746706368,,,,
2020/3/5,8758.9,39698054597,,,,
2020/3/6,9067.39,40826885651,,,,
2020/3/7,9155.89,36216930370,,,,
2020/3/8,8898.63,39973102121,,,,
2020/3/9,8039.38,46936995808,,,,
2020/3/10,7931.94,42213940994,,,,
2020/3/11,7885.46,38682762605,,,,
2020/3/12,7936.65,53980357243,,,,
2020/3/13,4830.21,74156772075,,,,
2020/3/14,5609.03,36154506008,,,,
2020/3/15,5166.26,33997889639,,,,
2020/3/16,5348.44,45368026430,,,,
2020/3/17,5026.35,38622642935,,,,
2020/3/18,5357.61,37878801016,,,,
2020/3/19,5410.23,51000731797,,,,
2020/3/20,6195.2,54442976103,,,,
2020/3/21,6226.44,42494390880,,,,
2020/3/22,6189.85,40099664740,,,,
2020/3/23,5822.62,46491916000,,,,
2020/3/24,6502.16,48221910672,,,,
2020/3/25,6768.49,44590107888,,,,
2020/3/26,6698.46,35319797642,,,,
2020/3/27,6763.75,34585598367,,,,
2020/3/28,6369.09,34885225901,,,,
2020/3/29,6260.95,28373690931,,,,
2020/3/30,5885.41,37101651525,,,,
2020/3/31,6405.29,32786468812,,,,
2020/4/1,6428.28,40346426266,,,,
2020/4/2,6652.87,47660646124,,,,
2020/4/3,6809.11,38976504903,,,,
2020/4/4,6741.67,33185988584,,,,
2020/4/5,6871.69,29510409856,,,,
2020/4/6,6777.44,46896904615,,,,
2020/4/7,7343.2,44243482668,,,,
2020/4/8,7205.55,37563249549,,,,
2020/4/9,7365.03,34815139178,,,,
2020/4/10,7293.69,43622840992,,,,
2020/4/11,6873.24,31222085946,,,,
2020/4/12,6891.6,35759567632,,,,
2020/4/13,6915.37,38619308647,,,,
2020/4/14,6857.66,34110434052,,,,
2020/4/15,6871.95,32288311031,,,,
2020/4/16,6623.8,46783242377,,,,
2020/4/17,7112.27,32513423567,,,,
2020/4/18,7034.89,32447188386,,,,
2020/4/19,7259.36,31311210215,,,,
2020/4/20,7130.04,37747113936,,,,
2020/4/21,6840.24,32589741511,,,,
2020/4/22,6852.52,33249153866,,,,
2020/4/23,7130.99,43500782316,,,,
2020/4/24,7477.6,34636526286,,,,
2020/4/25,7507.08,32941541447,,,,
2020/4/26,7549.52,33070154491,,,,
2020/4/27,7699.27,36162144725,,,,
2020/4/28,7790.66,33187959921,,,,
2020/4/29,7765.33,60201052203,,,,
2020/4/30,8777.63,66964629541,,,,
2020/5/1,8628.77,44068389997,,,,
2020/5/2,8824.66,40134388683,,,,
2020/5/3,8973.82,47101785174,,,,
2020/5/4,8903.95,45718796276,,,,
2020/5/5,8885.93,43148462663,,,,
2020/5/6,9030.96,49371886931,,,,
2020/5/7,9170.79,61112700562,,,,
2020/5/8,10002.48,51780748042,,,,
2020/5/9,9821.8,46566121841,,,,
2020/5/10,9527.39,63325279337,,,,
2020/5/11,8754.46,57119858802,,,,
2020/5/12,8617.25,42142717533,,,,
2020/5/13,8814.53,45558144023,,,,
2020/5/14,9305.93,56426907637,,,,
2020/5/15,9790.31,48158802327,,,,
2020/5/16,9303.59,36164766408,,,,
2020/5/17,9385.7,40084250663,,,,
2020/5/18,9669.4,41827139896,,,,
2020/5/19,9719.37,39254288955,,,,
2020/5/20,9785.74,36546239703,,,,
2020/5/21,9510.67,39326160532,,,,
2020/5/22,9057.57,29810773699,,,,
2020/5/23,9167.26,27727866812,,,,
2020/5/24,9178.32,32518803300,,,,
2020/5/25,8730.73,31288157264,,,,
2020/5/26,8899.66,29584186947,,,,
2020/5/27,8842.85,32740536902,,,,
2020/5/28,9197.54,34367073114,,,,
2020/5/29,9569.21,32896642044,,,,
2020/5/30,9425.98,32722975141,,,,
2020/5/31,9698.1,27773290299,,,,
2020/6/1,9450.84,35198901068,,,,
2020/6/2,10204.23,39137252109,,,,
2020/6/3,9525.57,25007459262,,,,
2020/6/4,9658.04,25921805072,,,,
2020/6/5,9794.56,23509628646,,,,
2020/6/6,9623.75,20438419222,,,,
2020/6/7,9670.43,25015250846,,,,
2020/6/8,9753.85,21486346312,,,,
2020/6/9,9782.59,23717842783,,,,
2020/6/10,9775.15,25706567601,,,,
2020/6/11,9892.13,30247143440,,,,
2020/6/12,9286.42,22610564515,,,,
2020/6/13,9459.97,17564322315,,,,
2020/6/14,9473.5,18991732746,,,,
2020/6/15,9330.07,26699704768,,,,
2020/6/16,9426.7,21565537209,,,,
2020/6/17,9526,20177709879,,,,
2020/6/18,9454.81,17770083003,,,,
2020/6/19,9380.03,19632223107,,,,
2020/6/20,9300.15,17130541557,,,,
2020/6/21,9357.43,15324301169,,,,
2020/6/22,9284.78,21104009514,,,,
2020/6/23,9691.9,17006433272,,,,
2020/6/24,9621.49,18961716076,,,,
2020/6/25,9276.58,18616048626,,,,
2020/6/26,9240.85,18341465837,,,,
2020/6/27,9154.45,17273093144,,,,
2020/6/28,9004.23,14560870760,,,,
2020/6/29,9127.47,16460547078,,,,
2020/6/30,9185.35,15735797744,,,,
2020/7/1,9133.97,15971550355,,,,
2020/7/2,9236.38,16338916796,,,,
2020/7/3,9087.98,13078970999,,,,
2020/7/4,9072.42,12290528515,,,,
2020/7/5,9131.31,12903406143,,,,
2020/7/6,9089.09,17889263252,,,,
2020/7/7,9348.91,13839652595,,,,
2020/7/8,9256.23,19702359883,,,,
2020/7/9,9440.07,18000702524,,,,
2020/7/10,9238.04,16860035605,,,,
2020/7/11,9287.4,13249910444,,,,
2020/7/12,9235.96,14452361907,,,,
2020/7/13,9295.9,17519821266,,,,
2020/7/14,9238.13,18085038362,,,,
2020/7/15,9254.52,15844731575,,,,
2020/7/16,9193.51,15713967523,,,,
2020/7/17,9131,13944570749,,,,
2020/7/18,9154.19,12252601475,,,,
2020/7/19,9174.71,12939002784,,,,
2020/7/20,9214.66,13755604146,,,,
2020/7/21,9163.87,18069581956,,,,
2020/7/22,9392.66,16532254884,,,,
2020/7/23,9537.4,18146399002,,,,
2020/7/24,9613.11,16552768325,,,,
2020/7/25,9551.28,16610070933,,,,
2020/7/26,9707.5,20507998997,,,,
2020/7/27,9938.83,35359749590,,,,
2020/7/28,11042.4,28766551142,,,,
2020/7/29,10934.94,24617249715,,,,
2020/7/30,11102.67,22857247901,,,,
2020/7/31,11114.93,23160469766,,,,
2020/8/1,11343.88,26075670303,,,,
2020/8/2,11823.69,27410067336,,,,
2020/8/3,11077.77,20271713443,,,,
2020/8/4,11242.57,21250197042,,,,
2020/8/5,11194.25,24411254471,,,,
2020/8/6,11750.28,23400740340,,,,
2020/8/7,11772.94,23132312867,,,,
2020/8/8,11605.6,17572057837,,,,
2020/8/9,11767.6,17489608833,,,,
2020/8/10,11684.06,26114112569,,,,
2020/8/11,11893.03,27039782640,,,,
2020/8/12,11392.43,25064548486,,,,
2020/8/13,11573.11,27522199497,,,,
2020/8/14,11777.43,24237958589,,,,
2020/8/15,11774.38,23354924400,,,,
2020/8/16,11873.98,20583375490,,,,
2020/8/17,11914.01,28227687027,,,,
2020/8/18,12293.72,26043227672,,,,
2020/8/19,11969.53,24502851117,,,,
2020/8/20,11734,20175242945,,,,
2020/8/21,11865.82,23762425999,,,,
2020/8/22,11522.8,20224191306,,,,
2020/8/23,11683.44,18482062658,,,,
2020/8/24,11653.02,20681511755,,,,
2020/8/25,11763.93,26301509932,,,,
2020/8/26,11337.4,22466660958,,,,
2020/8/27,11467.37,23240415076,,,,
2020/8/28,11302.01,19807127588,,,,
2020/8/29,11534.75,17485597759,,,,
2020/8/30,11481.64,19760127945,,,,
2020/8/31,11707.78,22285928250,,,,
2020/9/1,11659.57,27311555343,,,,
2020/9/2,11923.25,28037405299,,,,
2020/9/3,11397.44,31927261555,,,,
2020/9/4,10187.51,29965130374,,,,
2020/9/5,10467.89,44916565292,,,,
2020/9/6,10159.62,37071460174,,,,
2020/9/7,10254.93,33703098409,,,,
2020/9/8,10367.74,33430927462,,,,
2020/9/9,10121.52,24128292755,,,,
2020/9/10,10227.83,54406443211,,,,
2020/9/11,10352.66,45201121775,,,,
2020/9/12,10395.44,36750077324,,,,
2020/9/13,10446.44,36506852789,,,,
2020/9/14,10330.77,35453581940,,,,
2020/9/15,10674.64,32509451925,,,,
2020/9/16,10785.62,30769986455,,,,
2020/9/17,10948.43,38151810523,,,,
2020/9/18,10943.89,26341903912,,,,
2020/9/19,10931.79,22764204008,,,,
2020/9/20,11081.43,24699523788,,,,
2020/9/21,10919.65,28884999244,,,,
2020/9/22,10430.46,23621787804,,,,
2020/9/23,10532.22,23788661867,,,,
2020/9/24,10234.48,47144380902,,,,
2020/9/25,10732.43,39348590957,,,,
2020/9/26,10692.84,46852525493,,,,
2020/9/27,10732.4,53745972818,,,,
2020/9/28,10774.24,47762394731,,,,
2020/9/29,10692.33,46582396602,,,,
2020/9/30,10840.8,44171073700,,,,
2020/10/1,10777.92,40023134100,,,,
2020/10/2,10619.24,48661453918,,,,
2020/10/3,10575.06,44660271563,,,,
2020/10/4,10551.77,71251776995,,,,
2020/10/5,10673.46,47537578009,,,,
2020/10/6,10788.56,42623695307,,,,
2020/10/7,10603.74,37799458436,,,,
2020/10/8,10670.8,63314794397,,,,
2020/10/9,10923.3,22799117613,,,,
2020/10/10,11063.19,22877978588,,,,
2020/10/11,11302.67,19968627060,,,,
2020/10/12,11376.61,26163972642,,,,
2020/10/13,11540.04,24241420251,,,,
2020/10/14,11428.24,24103426719,,,,
2020/10/15,11431.32,24487233058,,,,
2020/10/16,11503.73,25635480772,,,,
2020/10/17,11327.57,19130430174,,,,
2020/10/18,11366.51,18283314340,,,,
2020/10/19,11508.2,23860769928,,,,
2020/10/20,11758.16,30915821592,,,,
2020/10/21,11925.46,43414712626,,,,
2020/10/22,12831.56,34729759598,,,,
2020/10/23,12990.25,28974975003,,,,
2020/10/24,12944.52,24542317940,,,,
2020/10/25,13128.46,24406920575,,,,
2020/10/26,13036.77,29461458313,,,,
2020/10/27,13076.37,33749878156,,,,
2020/10/28,13651.47,35867318895,,,,
2020/10/29,13289,56499499598,,,,
2020/10/30,13458.66,30581485201,,,,
2020/10/31,13564.72,30306464719,,,,
2020/11/1,13810.32,24453857900,,,,
2020/11/2,13758.88,30771455468,,,,
2020/11/3,13575.17,29869951617,,,,
2020/11/4,14023.31,35116364962,,,,
2020/11/5,14155.59,40856321439,,,,
2020/11/6,15591.39,39837841971,,,,
2020/11/7,15595.77,35024953706,,,,
2020/11/8,14839.84,26632075029,,,,
2020/11/9,15490.6,34149115566,,,,
2020/11/10,15328.53,25574938143,,,,
2020/11/11,15317.04,29772374934,,,,
2020/11/12,15708.65,34175758344,,,,
2020/11/13,16295.57,31599492172,,,,
2020/11/14,16339.33,27481710135,,,,
2020/11/15,16091.07,23653867583,,,,
2020/11/16,15968.16,31526766675,,,,
2020/11/17,16725.15,39006849170,,,,
2020/11/18,17679.72,49064800278,,,,
2020/11/19,17798.45,36985055355,,,,
2020/11/20,17820.57,36992873940,,,,
2020/11/21,18687.45,39650210707,,,,
2020/11/22,18699.75,41280434226,,,,
2020/11/23,18422.28,42741112308,,,,
2020/11/24,18398.91,51469565009,,,,
2020/11/25,19172.52,43710357371,,,,
2020/11/26,18739.8,61396835737,,,,
2020/11/27,17151.44,38886494645,,,,
2020/11/28,17138.87,32601040734,,,,
2020/11/29,17732.42,31133957704,,,,
2020/11/30,18191.6,47728480399,,,,
2020/12/1,19709.73,49633658712,,,,
2020/12/2,18792.52,37387697139,,,,
2020/12/3,19226.97,31930317405,,,,
2020/12/4,19454.54,33872388058,,,,
2020/12/5,18670.49,27242455064,,,,
2020/12/6,19155.06,25293775714,,,,
2020/12/7,19377.66,26896357742,,,,
2020/12/8,19181.41,31692288756,,,,
2020/12/9,18318.87,34420373071,,,,
2020/12/10,18554.15,25547132265,,,,
2020/12/11,18247.76,27919640985,,,,
2020/12/12,18029.36,21752580802,,,,
2020/12/13,18803.44,25450468637,,,,
2020/12/14,19164.48,22473997681,,,,
2020/12/15,19276.59,26741982541,,,,
2020/12/16,19439.75,44409011479,,,,
2020/12/17,21379.48,71378606374,,,,
2020/12/18,22847.46,40387896275,,,,
2020/12/19,23150.79,38487546580,,,,
2020/12/20,23869.92,37844228422,,,,
2020/12/21,23490.58,45852713981,,,,
2020/12/22,22745.48,44171632681,,,,
2020/12/23,23824.99,51146161904,,,,
2020/12/24,23253.37,41080759713,,,,
2020/12/25,23715.53,42068395846,,,,
2020/12/26,24693.58,48332647295,,,,
2020/12/27,26443.21,66479895605,,,,
2020/12/28,26246.58,49056742893,,,,
2020/12/29,27036.69,45265946774,,,,
2020/12/30,27376.37,51287442704,,,,
2020/12/31,28856.59,46754964848,,,,
2021/1/1,28982.56,40730301359,,,,
2021/1/2,29393.75,67865420765,,,,
2021/1/3,32195.46,78665235202,,,,
2021/1/4,33000.78,81163475344,,,,
2021/1/5,32035.03,67547324782,,,,
2021/1/6,34046.67,75289433811,,,,
2021/1/7,36860.41,84762141031,,,,
2021/1/8,39486.04,88107519480,,,,
2021/1/9,40670.25,61984162837,,,,
2021/1/10,40240.72,79980747690,,,,
2021/1/11,38240.09,1.23E+11,,,,
2021/1/12,35544.94,74773277909,,,,
2021/1/13,34011.82,69364315979,,,,
2021/1/14,37393.13,63615990033,,,,
2021/1/15,39158.47,67760757881,,,,
2021/1/16,36828.52,57706187875,,,,
2021/1/17,36065.2,52359854336,,,,
2021/1/18,35793.01,49511702429,,,,
2021/1/19,36632.35,57244195486,,,,
2021/1/20,36020.13,66834573161,,,,
2021/1/21,35538.98,75643067688,,,,
2021/1/22,30797.88,77207272511,,,,
2021/1/23,33002.38,48354737975,,,,
2021/1/24,32099.74,48643830599,,,,
2021/1/25,32276.84,59897054838,,,,
2021/1/26,32243.26,60255421470,,,,
2021/1/27,32541.8,62576762015,,,,
2021/1/28,30419.17,76517157706,,,,
2021/1/29,33403.17,1.18E+11,,,,
2021/1/30,34314.26,65141828798,,,,
2021/1/31,34318.1,52754542671,,,,
2021/2/1,33136.46,61400400660,,,,
2021/2/2,33522.9,63088585433,,,,
2021/2/3,35529.66,61166818159,,,,
2021/2/4,37676.25,68838074392,,,,
2021/2/5,37002.09,58598066402,,,,
2021/2/6,38278.61,71326033653,,,,
2021/2/7,39323.26,65500641143,,,,
2021/2/8,38928.1,1.01E+11,,,,
2021/2/9,46364.3,91809846886,,,,
2021/2/10,46589.58,87301089896,,,,
2021/2/11,44878.17,81388911810,,,,
2021/2/12,48013.38,76555041196,,,,
2021/2/13,47471.4,70250456155,,,,
2021/2/14,47185.19,71248675228,,,,
2021/2/15,48720.37,77069903166,,,,
2021/2/16,47951.85,77049582886,,,,
2021/2/17,49160.1,80820545404,,,,
2021/2/18,52118.23,52054723579,,,,
2021/2/19,51608.15,63495496918,,,,
2021/2/20,55916.5,68145460026,,,,
2021/2/21,56001.2,51897585191,,,,
2021/2/22,57487.86,92052420332,,,,
2021/2/23,54123.4,1.06E+11,,,,
2021/2/24,48880.43,63695521388,,,,
2021/2/25,50624.84,54506565949,,,,
2021/2/26,46800.42,3.51E+11,,,,
2021/2/27,46340.31,45910946382,,,,
2021/2/28,46155.87,53443887451,,,,
2021/3/1,45113.92,53891300112,,,,
2021/3/2,49618.43,47530897720,,,,
2021/3/3,48356.04,53220811975,,,,
2021/3/4,50477.7,52343816680,,,,
2021/3/5,48448.91,48625928883,,,,
2021/3/6,48861.38,34363564661,,,,
2021/3/7,48881.59,43137459378,,,,
2021/3/8,51169.7,48597428048,,,,
2021/3/9,52299.33,50912227385,,,,
2021/3/10,54881.52,57295577614,,,,
2021/3/11,55997.23,56772343595,,,,
2021/3/12,57764,55689944702,,,,
2021/3/13,57253.28,60669829814,,,,
2021/3/14,61258.73,43901225564,,,,
2021/3/15,59133.47,66419369890,,,,
2021/3/16,55754.72,59749798599,,,,
2021/3/17,56872.38,60258313191,,,,
2021/3/18,58913,55746041000,,,,
2021/3/19,57665.9,49063873786,,,,
2021/3/20,58075.1,50361731222,,,,
2021/3/21,58085.8,51943414539,,,,
2021/3/22,57411.17,56521454974,,,,
2021/3/23,54204.96,56435023914,,,,
2021/3/24,54477.46,70567223787,,,,
2021/3/25,52508.23,67999812841,,,,
2021/3/26,51415.92,56652197978,,,,
2021/3/27,55074.47,47266542233,,,,
2021/3/28,55863.93,47686580918,,,,
2021/3/29,55783.71,57625587027,,,,
2021/3/30,57627.67,54414116432,,,,
2021/3/31,58730.13,65520826225,,,,
2021/4/1,58735.25,61669163792,,,,
2021/4/2,58736.92,58727860620,,,,
2021/4/3,59031.32,59641344484,,,,
2021/4/4,57076.49,50749662970,,,,
2021/4/5,58206.55,60706272115,,,,
2021/4/6,59054.1,66058027988,,,,
2021/4/7,58020.46,75645303584,,,,
2021/4/8,55947.27,53053855641,,,,
2021/4/9,58048.59,46655208546,,,,
2021/4/10,58102.58,58238470525,,,,
2021/4/11,59774,46280252580,,,,
2021/4/12,59964.87,51828688519,,,,
2021/4/13,59834.74,69983454362,,,,
2021/4/14,63554.44,77451779687,,,,
2021/4/15,62969.12,60954381579,,,,
2021/4/16,63252.63,84293007468,,,,
2021/4/17,61455.98,66138759198,,,,
2021/4/18,60087.09,97468872758,,,,
2021/4/19,56251.48,65344865159,,,,
2021/4/20,55703.14,67849323955,,,,
2021/4/21,56507.91,54926612466,,,,
2021/4/22,53808.8,74798630778,,,,
2021/4/23,51731.71,86668667320,,,,
2021/4/24,51153.13,49014494781,,,,
2021/4/25,50110.53,46117114240,,,,
2021/4/26,49075.58,58284039825,,,,
2021/4/27,54056.64,49448222757,,,,
2021/4/28,55071.46,48000572955,,,,
2021/4/29,54884.1,46088929780,,,,
2021/4/30,53584.15,52395931985,,,,
2021/5/1,57796.62,42836427360,,,,
2021/5/2,57857.5,38177405335,,,,
2021/5/3,56610.46,51713139031,,,,
2021/5/4,57213.33,68564706967,,,,
2021/5/5,53241.72,69241316747,,,,
2021/5/6,57473.23,69523285106,,,,
2021/5/7,56428.16,68434023376,,,,
2021/5/8,57380.27,65382980634,,,,
2021/5/9,58928.81,65906690347,,,,
2021/5/10,58280.73,71776546298,,,,
2021/5/11,55883.5,61308396325,,,,
2021/5/12,56750,75215403907,,,,
2021/5/13,49007.09,96721152926,,,,
2021/5/14,49702.27,55737497453,,,,
2021/5/15,49922.52,59161047474,,,,
2021/5/16,46736.58,64047871555,,,,
2021/5/17,46441.64,74903638450,,,,
2021/5/18,43596.24,56187365084,,,,
2021/5/19,42912.19,1.26E+11,,,,
2021/5/20,36964.27,88281943359,,,,
2021/5/21,40784.32,82051616861,,,,
2021/5/22,37280.35,57377273240,,,,
2021/5/23,37528.3,78469274361,,,,
2021/5/24,34754.54,67359584098,,,,
2021/5/25,38728.59,56211915803,,,,
2021/5/26,38410.5,51346735160,,,,
2021/5/27,39266.04,43210968721,,,,
2021/5/28,38445.29,55200191952,,,,
2021/5/29,35689.62,45231013335,,,,
2021/5/30,34647.67,31646080921,,,,
2021/5/31,35684.59,39009847639,,,,
2021/6/1,37310.54,34639423297,,,,
2021/6/2,36662.64,33070867190,,,,
2021/6/3,37585.24,35460750427,,,,
2021/6/4,39188.59,41831090187,,,,
2021/6/5,36885.51,35959473399,,,,
2021/6/6,35530.38,28913440585,,,,
2021/6/7,35816.17,33683936663,,,,
2021/6/8,33514.87,49902050442,,,,
2021/6/9,33450.19,53972919008,,,,
2021/6/10,37338.36,43576032854,,,,
2021/6/11,36704.57,38699736985,,,,
2021/6/12,37313.18,37924228550,,,,
2021/6/13,35494.9,40669112838,,,,
2021/6/14,39066.82,43148914673,,,,
2021/6/15,40525.8,46420149185,,,,
2021/6/16,40188.56,39211635100,,,,
2021/6/17,38324.87,37096670047,,,,
2021/6/18,38068.04,36200887275,,,,
2021/6/19,35729.82,31207279719,,,,
2021/6/20,35524.17,36664034054,,,,
2021/6/21,35592.35,52809038594,,,,
2021/6/22,31686.55,58964353058,,,,
2021/6/23,32447.59,46317108925,,,,
2021/6/24,33674.66,33123368116,,,,
2021/6/25,34639.38,40230904226,,,,
2021/6/26,31640.58,38585385521,,,,
2021/6/27,32160.91,35511640894,,,,
2021/6/28,34644.45,33892523752,,,,
2021/6/29,34456.67,37901460044,,,,
2021/6/30,35847.7,34059036099,,,,
2021/7/1,35047.36,37838957079,,,,
2021/7/2,33536.88,38728974942,,,,
2021/7/3,33856.86,24383958643,,,,
2021/7/4,34688.98,24924307911,,,,
2021/7/5,35309.3,26721554282,,,,
2021/7/6,33747.97,26501259870,,,,
2021/7/7,34211.01,24796027477,,,,
2021/7/8,33839.04,29910396946,,,,
2021/7/9,32877.41,27436021028,,,,
2021/7/10,33818.52,22971873468,,,,
2021/7/11,33515.57,20108729370,,,,
2021/7/12,34227.64,24321499537,,,,
2021/7/13,33158.25,19120856669,,,,
2021/7/14,32686.56,21376531210,,,,
2021/7/15,32814.61,21300524237,,,,
2021/7/16,31738.59,23699476918,,,,
2021/7/17,31421.25,18895018942,,,,
2021/7/18,31520.66,18787986667,,,,
2021/7/19,31783.49,20434789545,,,,
2021/7/20,30815.94,23148267245,,,,
2021/7/21,29790.24,28203024559,,,,
2021/7/22,32118.06,19555230518,,,,
2021/7/23,32297.89,22552046192,,,,
2021/7/24,33581.63,21664706865,,,,
2021/7/25,34279.34,20856685287,,,,
2021/7/26,35365.2,51022126212,,,,
2021/7/27,37318.14,35097370560,,,,
2021/7/28,39405.95,38702404695,,,,
2021/7/29,40002.53,27167146027,,,,
2021/7/30,40005.93,33072782960,,,,
2021/7/31,42214.15,25802845343,,,,
2021/8/1,41659.06,26688438115,,,,
2021/8/2,40000.46,25595265436,,,,
2021/8/3,39193.94,26189830450,,,,
2021/8/4,38138,25372562724,,,,
2021/8/5,39750.14,35185031017,,,,
2021/8/6,40882,38226483046,,,,
2021/8/7,42825.95,40030862141,,,,
2021/8/8,44634.13,36302664750,,,,
2021/8/9,43816.14,38734079049,,,,
2021/8/10,46333.46,33546019517,,,,
2021/8/11,45608.37,34319709073,,,,
2021/8/12,45611.46,33723620826,,,,
2021/8/13,44417.78,31744259539,,,,
2021/8/14,47833.98,31211354442,,,,
2021/8/15,47112.19,30988958446,,,,
2021/8/16,47056.41,32776876610,,,,
2021/8/17,45982.55,33451362600,,,,
2021/8/18,44648.57,32194123075,,,,
2021/8/19,44777.86,37204312299,,,,
2021/8/20,46734.65,34706867452,,,,
2021/8/21,49327.75,40585205312,,,,
2021/8/22,48932.02,25370975378,,,,
2021/8/23,49335.68,34305053719,,,,
2021/8/24,49523.5,35361168834,,,,
2021/8/25,47744.58,32646349931,,,,
2021/8/26,48972.09,32666549568,,,,
2021/8/27,46962.8,34511076995,,,,
2021/8/28,49056.86,28568103401,,,,
2021/8/29,48897.65,25889650240,,,,
2021/8/30,48806.78,31847007016,,,,
2021/8/31,47074.77,34730363427,,,,
2021/9/1,47155.87,39139399125,,,,
2021/9/2,48862.76,39508070319,,,,
2021/9/3,49329.01,43206179619,,,,
2021/9/4,50035.33,37471327794,,,,
2021/9/5,49947.38,30322676319,,,,
2021/9/6,51769.06,38884105426,,,,
2021/9/7,52677.4,65210059683,,,,
2021/9/8,46809.17,49007762488,,,,
2021/9/9,46078.38,38672657013,,,,
2021/9/10,46368.69,39154666597,,,,
