Money,Earnings,Rise or fall between days,Rise or fall between weeks
1082.927993,82.927993,-481.3839179,-918.960598
601.5440751,-398.4559249,-185.1476567,-277.8527963
416.3964184,-583.6035816,-98.0193447,-124.311739
318.3770737,-681.6229263,-60.6786395,-52.2800416
257.6984342,-742.3015658,-41.2614728,-13.3461671
216.4369614,-783.5630386,-29.8277504,9.4527703
186.609211,-813.390789,-22.641816,23.448001
163.967395,-836.032605,159.7238838,32.3336943
323.6912788,-676.3087212,-31.6065994,-139.4872621
292.0846794,-707.9153206,-25.9876473,-118.5751754
266.0970321,-733.9029679,-21.744765,-102.1100387
244.3522671,-755.6477329,-18.4625354,-88.8984318
225.8897317,-774.1102683,-15.8325197,-78.1262729
210.057212,-789.942788,-13.7561227,-69.2343259
196.3010893,-803.6989107,-12.0970726,-61.7949037
184.2040167,-815.7959833,-10.6945127,-14.8647245
173.509504,-826.490496,-9.5225106,-11.1663439
163.9869934,-836.0130066,-8.5331581,-8.0858159
155.4538353,-844.5461647,-7.6903765,-5.5038221
147.7634588,-852.2365412,-6.9405727,-3.3278268
140.8228861,-859.1771139,-6.3167005,-1.5112361
134.5061856,-865.4938144,34.8331066,0.0535058
169.3392922,-830.6607078,-6.9961321,-39.2173799
162.3431601,-837.6568399,-6.4419826,-36.3750087
155.9011775,-844.0988225,-5.9511643,-33.8488412
149.9500132,-850.0499868,-5.5143812,-31.5779539
144.435632,-855.564368,-5.123982,-29.5289426
139.31165,-860.68835,-4.7519586,-27.6737135
134.5596914,-865.4403086,-4.4377791,-26.0101624
130.1219123,-869.8780877,-4.1537609,-24.4779589
125.9681514,-874.0318486,-3.9158151,71.6617253
122.0523363,-877.9476637,-3.680277,172.8191154
118.3720593,-881.6279407,-3.4653699,169.1598939
114.9066894,-885.0933106,-3.2687529,165.6416202
111.6379365,-888.3620635,-3.0884075,162.2573164
108.549529,-891.450471,-2.9055756,159.0003233
105.6439534,-894.3560466,91.9859233,155.8472964
197.6298767,-802.3701233,97.241575,148.4892933
294.8714517,-705.1285483,-7.3394985,116.7658449
287.5319532,-712.4680468,-6.9836436,115.3786939
280.5483096,-719.4516904,-6.6530567,113.9974146
273.8952529,-726.1047471,-6.3454006,112.6252411
267.5498523,-732.4501477,-6.0586025,111.2648238
261.4912498,-738.5087502,84.6279202,109.9455176
346.11917,-653.88083,65.5181266,163.559998
411.6372966,-588.3627034,-8.7266495,246.2496718
402.9106471,-597.0893529,-8.3649229,242.8319469
394.5457242,-605.4542758,-8.0252302,239.492111
386.520494,-613.479506,-7.7058179,236.2287518
378.8146761,-621.1853239,-7.3779087,233.0403418
371.4367674,-628.5632326,138.2424006,229.8980735
509.679168,-490.320832,148.2078004,81.5225159
657.8869684,-342.1130316,-12.1443744,-76.4820709
645.742594,-354.257406,-11.7047588,-73.8145876
634.0378352,-365.9621648,-11.2885894,-71.3126131
622.7492458,-377.2507542,-10.8942279,-68.9358107
611.8550179,-388.1449821,-10.520177,-66.6759598
601.3348409,-398.6651591,-10.133157,-64.5255045
591.2016839,-408.7983161,-9.7967864,-62.5093981
581.4048975,-418.5951025,-9.4768911,-60.560151
571.9280064,-428.0719936,-9.2027843,-58.7008345
562.7252221,-437.2747779,-8.911787,-56.9229232
553.8134351,-446.1865649,-8.634377,-55.2246246
545.1790581,-454.8209419,-8.3697217,-53.6012521
536.8093364,-463.1906636,-8.1170506,-52.0484583
528.6922858,-471.3077142,-7.8475393,-50.5622078
520.8447465,-479.1552535,-7.6175746,-49.166861
513.2271719,-486.7728281,-7.424873,-47.8048701
505.8022989,-494.1977011,-7.2134884,21.5701067
498.5888105,-501.4111895,-7.0110045,135.5935686
491.577806,-508.422194,-6.8169279,134.4857195
484.7608781,-515.2391219,-6.6308001,133.3886861
478.130078,-521.869922,-6.4521925,132.3027577
471.6778855,-528.3221145,-6.2555837,131.2281721
465.4223018,-534.5776982,61.9501038,130.1671823
527.3724056,-472.6275944,106.8099735,61.0762786
634.1823791,-365.8176209,-8.1188536,-52.7049801
626.0635255,-373.9364745,-7.9139613,-51.420089
618.1495642,-381.8504358,-7.7167285,-50.1816214
610.4328357,-389.5671643,-7.5267781,-48.9873665
602.9060576,-397.0939424,-7.3165735,-47.8352438
595.5894841,-404.4105159,-7.1407999,-46.7504762
588.4486842,-411.5513158,-6.9712852,-45.703381
581.477399,-418.522601,-6.8339625,-44.6922397
574.6434365,-425.3565635,-6.6754937,-43.6649691
567.9679428,-432.0320572,-6.5224736,-42.6716269
561.4454692,-438.5545308,-6.3746554,-41.7344494
555.0708138,-444.9291862,-6.2318059,-40.8278134
548.8390079,-451.1609921,-6.0937047,-39.9504057
542.7453032,-457.2546968,-5.9601439,-39.1009828
536.7851593,-463.2148407,-5.8066919,-38.2783668
530.9784674,-469.0215326,-5.6821515,-37.5056756
525.2963159,-474.7036841,-5.5852961,-36.734796
519.7110198,-480.2889802,-5.4680194,76.9220682
514.2430004,-485.7569996,-5.3543982,410.2200332
508.8886022,-491.1113978,-5.2442818,406.6057545
503.6443204,-496.3556796,-5.1375279,403.0534205
498.5067925,-501.4932075,-5.0340007,399.5614893
493.4727918,-506.5272082,-4.9112719,396.1284678
488.5615199,-511.4384801,108.0715681,392.7595678
596.633088,-403.366912,327.8299456,276.5321207
924.4630336,-75.5369664,-8.9686769,-59.3043972
915.4943567,-84.5056433,-8.7966158,-58.1970484
906.6977409,-93.3022591,-8.6294591,-57.1204334
898.0682818,-101.9317182,-8.4670222,-56.0734249
889.6012596,-110.3987404,-8.2801719,-55.0549467
881.3210877,-118.6789123,-8.155879,-54.0929285
873.1652087,-126.8347913,-8.0065723,-53.1012614
865.1586364,-134.8413636,-7.8613281,81.065767
857.2973083,-142.7026917,-7.7200008,219.2429937
849.5773075,-150.4226925,-7.5824506,217.8438845
841.9948569,-158.0051431,-7.448544,216.4601671
834.5463129,-165.4536871,-7.3181537,215.0916681
827.2281592,-172.7718408,-7.1642119,213.7382148
820.0639473,-179.9360527,126.1604561,212.3726857
946.2244034,-53.7755966,130.3158986,77.8500206
1076.540302,76.540302,-9.11911,-60.722367
1067.421192,67.421192,-8.966168,-59.727906
1058.455024,58.455024,-8.817043,-58.75768
1049.637981,49.637981,-8.671607,-57.8109056
1040.966374,40.966374,-8.529741,-56.886834
1032.436633,32.436633,-8.362209,-55.9847437
1024.074424,24.074424,-8.256489,-55.1330621
1015.817935,15.817935,-8.124649,-54.2453126
1007.693286,7.693286,-7.995942,-53.3779665
999.697344,-0.302656,-7.8702686,-14.9308394
991.8270754,-8.1729246,-7.7475354,-14.4095176
984.07954,-15.92046,-7.6276507,-13.9022568
976.4518893,-23.5481107,-7.5105274,-13.4086014
968.9413619,-31.0586381,-7.3687395,-12.9281129
961.5726224,-38.4273776,-7.2573029,-12.4877119
954.3153195,-45.6846805,30.4511851,-12.032961
984.7665046,-15.2334954,-7.3489468,-49.1896919
977.4175578,-22.5824422,-7.2402746,-48.451345
970.1772832,-29.8227168,-7.1339953,-47.7544503
963.0432879,-36.9567121,-7.0300389,-47.0724787
956.013249,-43.986751,-6.9283385,-46.4050073
949.0849105,-50.9150895,-6.802552,-45.7516276
942.2823585,-57.7176415,-6.7055458,-45.138223
935.5768127,-64.4231873,-6.6105999,-44.5129123
928.9662128,-71.0337872,-6.5433799,28.3662584
922.4228329,-77.5771671,-6.4520237,182.1211991
915.9708092,-84.0291908,-6.3625675,181.2081988
909.6082417,-90.3917583,-6.2749588,180.3031323
903.3332829,-96.6667171,-6.1891474,179.4059261
897.1441355,-102.8558645,-6.0802351,178.5165105
891.0639004,-108.9360996,66.2685708,177.6365506
957.3324712,-42.6675288,147.2115608,104.4974498
1104.544032,104.544032,-7.365024,-21.037312
1097.179008,97.179008,-7.267634,-20.575849
1089.911374,89.911374,-7.172165,-20.124526
1082.739209,82.739209,-7.078563,-19.683068
1075.660646,75.660646,-6.960195,-19.251209
1068.700451,68.700451,-6.87053,-18.855278
1061.829921,61.829921,21.676799,-18.44248
1083.50672,83.50672,-6.903561,-46.523356
1076.603159,76.603159,-6.816311,-45.945892
1069.786848,69.786848,-6.730707,-45.379114
1063.056141,63.056141,-6.646704,-44.822758
1056.409437,56.409437,-6.564264,-44.276571
1049.845173,49.845173,-6.457732,-43.740306
1043.387441,43.387441,-6.404077,-43.239342
1036.983364,36.983364,-6.326097,-42.7220557
1030.657267,30.657267,-6.249533,48.977205
1024.407734,24.407734,-6.174351,48.946296
1018.233383,18.233383,-6.100517,48.912706
1012.132866,12.132866,-6.027999,48.876535
1006.104867,6.104867,-5.956768,48.83788
1000.148099,0.148099,-5.8867907,48.796836
994.2613083,-5.7386917,85.3731637,48.7779947
1079.634472,79.634472,-6.280442,-42.458905
1073.35403,73.35403,-6.207941,-41.976774
1067.146089,67.146089,-6.136688,-41.502808
1061.009401,61.009401,-6.066654,-41.036823
1054.942747,54.942747,-5.997812,-40.578642
1048.944935,48.944935,-5.905632,-40.128092
1043.039303,43.039303,-5.863736,-39.709507
1037.175567,37.175567,-5.798311,-39.250134
1031.377256,31.377256,-5.733975,-38.7981521
1025.643281,25.643281,-5.670703,-38.3765976
1019.972578,19.972578,-5.608473,-37.9618749
1014.364105,14.364105,-5.547262,-37.5538369
1008.816843,8.816843,-5.487047,-37.1523402
1003.329796,3.329796,-5.404363,-36.7572466
997.925433,-2.074567,-5.3463291,-36.3918647
992.5791039,-7.4208961,-5.3124205,-36.0098927
987.2666834,-12.7333166,-5.2559803,55.0120166
982.0107031,-17.9892969,-5.200435,434.6321789
976.8102681,-23.1897319,-5.1457653,432.6005159
971.6645028,-28.3354972,-5.0919534,430.5875122
966.5725494,-33.4274506,-5.0389811,428.5929166
961.5335683,-38.4664317,-4.9643571,426.6431447
956.5692112,-43.4307888,85.7094888,424.6885478
1042.2787,42.2787,374.364182,332.102468
1416.642882,416.642882,-7.232098,-49.070305
1409.410784,409.410784,-7.158769,-48.5798
1402.252015,402.252015,-7.086549,-48.096612
1395.165466,395.165466,-6.988753,-47.620594
1388.176713,388.176713,-6.918954,-47.152513
1381.257759,381.257759,-6.876591,-10.28573
1374.381168,374.381168,-6.808591,123.32727
1367.572577,367.572577,-6.741593,122.964873
1360.830984,360.830984,-6.675581,122.603692
1354.155403,354.155403,-6.610531,122.243745
1347.544872,347.544872,-6.520672,121.885042
1341.0242,341.0242,29.947829,121.528297
1370.972029,370.972029,126.736409,84.767251
1497.708438,497.708438,-7.170988,-48.745279
1490.53745,490.53745,-7.102774,-48.287742
1483.434676,483.434676,-7.035528,-47.836616
1476.399148,476.399148,-6.969234,-47.39178
1469.429914,469.429914,-6.877417,-46.953119
1462.552497,462.552497,-6.813217,-46.546973
1455.73928,455.73928,-6.776121,-46.121032
1448.963159,448.963159,-6.713451,85.694726
1442.249708,442.249708,-6.651648,237.690751
1435.59806,435.59806,-6.590692,236.837233
1429.007368,429.007368,-6.530573,235.989397
1422.476795,422.476795,-6.471271,235.147197
1416.005524,416.005524,-6.387276,234.310582
1409.618248,409.618248,125.039637,233.481109
1534.657885,534.657885,145.282574,101.287682
1679.940459,679.940459,-7.505166,-51.086542
1672.435293,672.435293,-7.438528,-50.611693
1664.996765,664.996765,-7.372773,-50.142941
1657.623992,657.623992,-7.307886,-49.680181
1650.316106,650.316106,-7.216749,-49.223312
1643.099357,643.099357,-7.15379,-48.799335
1635.945567,635.945567,-7.09165,-48.380812
1628.853917,628.853917,-7.030317,-47.967651
1621.8236,621.8236,-6.969776,-47.585726
1614.853824,614.853824,-6.910013,-47.208766
1607.943811,607.943811,-6.851017,-46.836685
1601.092794,601.092794,-6.792772,-46.4694
1594.300022,594.300022,-6.735267,-46.10683
1587.564755,587.564755,-6.678489,-45.723465
1580.886266,580.886266,-6.648392,-45.344866
1574.237874,574.237874,-6.592816,-44.970213
1567.645058,567.645058,-6.537932,-44.600182
1561.107126,561.107126,-6.483732,-44.234699
1554.623394,554.623394,-6.430202,-43.873688
1548.193192,548.193192,-6.351902,-43.517078
1541.84129,541.84129,-6.29989,-43.190228
1535.5414,535.5414,-6.273739,-42.842808
1529.267661,529.267661,-6.222785,-42.474343
1523.044876,523.044876,-6.172449,-42.134624
1516.872427,516.872427,-6.122721,-41.798963
1510.749706,510.749706,-6.073592,-41.467296
1504.676114,504.676114,-6.025052,-41.13956
1498.651062,498.651062,-5.95247,-40.815692
1492.698592,492.698592,-5.905274,-40.520254
1486.793318,486.793318,-5.883066,-40.204508
1480.910252,480.910252,-5.836788,-12.01174
1475.073464,475.073464,-5.791054,308.427297
1469.28241,469.28241,-5.745856,307.404439
1463.536554,463.536554,-5.701184,306.388151
1457.83537,457.83537,-5.657032,305.378371
1452.178338,452.178338,-5.589528,304.37504
1446.58881,446.58881,22.309702,303.380133
1468.898512,468.898512,314.602249,274.535271
1783.500761,783.500761,-6.813912,-46.553413
1776.686849,776.686849,-6.762144,-46.177754
1769.924705,769.924705,-6.710964,-45.806217
1763.213741,763.213741,-6.660363,-45.438739
1756.553378,756.553378,-6.584435,-45.075263
1749.968943,749.968943,-6.53516,-44.76686
1743.433783,743.433783,-6.486435,-44.461963
1736.947348,736.947348,-6.438253,-44.160522
1730.509095,730.509095,-6.390607,-43.862484
1724.118488,724.118488,-6.343486,-43.567799
1717.775002,717.775002,-6.296887,-43.276418
1711.478115,711.478115,-6.276032,-42.988291
1705.202083,705.202083,-6.230263,32.72215
1698.97182,698.97182,-6.184994,333.461708
1692.786826,692.786826,-6.140215,332.432345
1686.646611,686.646611,-6.095922,331.409143
1680.550689,680.550689,-6.052105,330.392051
1674.498584,674.498584,-6.00876,329.381014
1668.489824,668.489824,69.434409,328.402661
1737.924233,737.924233,294.509295,264.351155
2032.433528,1032.433528,-7.214357,13.745858
2025.219171,1025.219171,-7.163417,13.872719
2018.055754,1018.055754,-7.113014,13.997477
2010.94274,1010.94274,-7.063142,14.120166
2003.879598,1003.879598,-6.987113,14.240821
1996.892485,996.892485,5.382903,14.35925
2002.275388,1002.275388,43.903998,2.15435
2046.179386,1046.179386,-7.087496,-48.525434
2039.09189,1039.09189,-7.038659,-48.167981
2032.053231,1032.053231,-6.990325,-47.814082
2025.062906,1025.062906,-6.942487,-47.46369
2018.120419,1018.120419,-6.868684,-47.142684
2011.251735,1011.251735,-6.821997,-46.851375
2004.429738,1004.429738,-6.775786,-46.563085
1997.653952,997.653952,-6.730043,-46.277772
1990.923909,990.923909,-6.68476,-41.576018
1984.239149,984.239149,-6.639933,-36.91536
1977.599216,977.599216,-6.621481,-32.295358
1970.977735,970.977735,-6.577375,-27.664086
1964.40036,964.40036,-6.533707,-23.072826
1957.866653,957.866653,-6.490473,-18.521153
1951.37618,951.37618,-2.028289,-14.034127
1949.347891,949.347891,-2.024102,-14.005176
1947.323789,947.323789,-2.019931,-13.976316
1945.303858,945.303858,-1.990209,-13.947543
1943.313649,943.313649,-1.986115,-13.944421
1941.327534,941.327534,-1.982034,-13.941335
1939.3455,939.3455,-2.003447,-13.912957
1937.342053,937.342053,-1.999338,-13.859184
1935.342715,935.342715,-1.995242,-13.80555
1933.347473,933.347473,-1.991158,-13.777303
1931.356315,931.356315,-1.987087,-13.749143
1929.369228,929.369228,-1.983029,-13.721069
1927.386199,927.386199,-1.953656,-13.69308
1925.432543,925.432543,-1.949674,-13.690503
1923.482869,923.482869,-1.945704,-13.687959
1921.537165,921.537165,-1.966995,-13.685449
1919.57017,919.57017,-1.962998,76.810396
1917.607172,917.607172,-1.959013,76.746473
1915.648159,915.648159,-1.95504,76.682651
1913.693119,913.693119,-1.951079,76.61893
1911.74204,911.74204,-1.94713,76.555309
1909.79491,909.79491,-1.943194,76.491787
1907.851716,907.851716,88.52885,76.428366
1996.380566,996.380566,-2.026921,-14.077597
1994.353645,994.353645,-2.022835,-14.049279
1992.33081,992.33081,-2.018761,7.353406
1990.312049,990.312049,-2.0147,7.360114
1988.297349,988.297349,-2.010652,7.36678
1986.286697,986.286697,-2.006615,7.373405
1984.280082,984.280082,-1.977113,7.379989
1982.302969,982.302969,-1.998603,7.361054
1980.304366,980.304366,19.37985,7.367581
1999.684216,999.684216,-2.012053,53.291888
1997.672163,997.672163,-2.008034,53.252748
1995.664129,995.664129,-2.004027,53.213657
1993.660102,993.660102,-2.000031,53.174617
1991.660071,991.660071,-1.996048,53.135626
1989.664023,989.664023,-1.992076,53.096685
1987.671947,987.671947,65.304157,53.08345
2052.976104,1052.976104,-2.051193,87.367566
2050.924911,1050.924911,-2.047125,87.295264
2048.877786,1048.877786,-2.043067,87.223077
2046.834719,1046.834719,-2.039022,87.151004
2044.795697,1044.795697,-2.034989,87.079044
2042.760708,1042.760708,-2.005311,87.007197
2040.755397,1040.755397,99.588273,86.935916
2140.34367,1140.34367,-2.123495,-14.724878
2138.220175,1138.220175,-2.119312,-14.669846
2136.100863,1136.100863,-2.11514,-14.640981
2133.985723,1133.985723,-2.110982,-14.612202
2131.874741,1131.874741,-2.106836,-14.583508
2129.767905,1129.767905,-2.076592,-14.554896
2127.691313,1127.691313,-2.072521,-14.552479
2125.618792,1125.618792,-2.068463,-14.524189
2123.550329,1123.550329,-2.090447,129.857651
2121.459882,1121.459882,-2.086361,253.482365
2119.373521,1119.373521,-2.082288,253.249693
2117.291233,1117.291233,-2.078224,253.017446
2115.213009,1115.213009,-2.074175,252.785619
2113.138834,1113.138834,-2.044231,252.554216
2111.094603,1111.094603,142.313377,252.297326
2253.40798,1253.40798,121.534267,107.714565
2374.942247,1374.942247,-2.319033,-16.11197
2372.623214,1372.623214,-2.314535,100.445431
2370.308679,1370.308679,-2.310051,100.363955
2367.998628,1367.998628,-2.305578,100.282606
2365.69305,1365.69305,-2.301121,100.201382
2363.391929,1363.391929,-2.269384,100.120285
2361.122545,1361.122545,-2.292268,100.039792
2358.830277,1358.830277,114.238368,99.986688
2473.068645,1473.068645,-2.396011,-16.59256
2470.672634,1470.672634,-2.3914,-16.532949
2468.281234,1468.281234,-2.386802,-16.501146
2465.894432,1465.894432,-2.382218,-16.469434
2463.512214,1463.512214,-2.349877,-16.437812
2461.162337,1461.162337,-2.345372,-16.434051
2458.816965,1458.816965,-2.34088,-16.430327
2456.476085,1456.476085,-2.3364,-16.42664
2454.139685,1454.139685,-2.359597,-16.395485
2451.780088,1451.780088,-2.35509,31.943729
2449.424998,1449.424998,-2.350596,184.845888
2447.074402,1447.074402,-2.346116,184.685749
2444.728286,1444.728286,-2.341648,184.525885
2442.386638,1442.386638,-2.337193,184.366293
2440.049445,1440.049445,-2.305245,184.206974
2437.7442,1437.7442,45.979617,184.04885
2483.723817,1483.723817,150.547069,231.693172
2634.270886,1634.270886,-2.510735,393.15677
2631.760151,1631.760151,-2.50598,392.802111
2629.254171,1629.254171,-2.50124,392.448086
2626.752931,1626.752931,-2.496512,392.094697
2624.256419,1624.256419,-2.463369,391.741939
2621.79305,1621.79305,93.623939,391.391761
2715.416989,1715.416989,312.010667,294.959547
3027.427656,2027.427656,-2.865394,-19.854136
3024.562262,2024.562262,-2.860005,-19.816808
3021.702257,2021.702257,-2.854629,-19.779583
3018.847628,2018.847628,-2.84927,-19.742465
3015.998358,2015.998358,-2.813547,-19.705449
3013.184811,2013.184811,-2.808275,-19.698916
3010.376536,2010.376536,-2.803016,-19.662277
3007.57352,2007.57352,-2.828066,0.829819
3004.745454,2004.745454,-2.82278,225.412085
3001.922674,2001.922674,-2.817511,225.220565
2999.105163,1999.105163,-2.812254,225.029368
2996.292909,1996.292909,-2.807014,224.83849
2993.485895,1993.485895,-2.771636,224.647933
2990.714259,1990.714259,17.68908,224.427542
3008.403339,2008.403339,221.7542,203.783097
3230.157539,2230.157539,-3.0143,-20.921012
3227.143239,2227.143239,-3.008708,73.262337
3224.134531,2224.134531,-3.003132,73.214008
3221.131399,2221.131399,-2.997571,-546.834268
3218.133828,2218.133828,-2.992027,-547.882492
3215.141801,2215.141801,-2.955365,-548.930662
3212.186436,2212.186436,-2.949909,-550.009911
3209.236527,2209.236527,91.169049,-551.08905
3300.405576,2300.405576,-3.057037,-531.668195
3297.348539,2297.348539,-623.051408,-510.187164
2674.297131,1674.297131,-4.045795,108.726112
2670.251336,1670.251336,-4.040197,108.639511
2666.211139,1666.211139,-4.034614,108.553032
2662.176525,1662.176525,-4.029048,108.466675
2658.147477,1658.147477,110.589904,108.412239
2768.737381,1768.737381,18.423994,-6.255534
2787.161375,1787.161375,-4.138132,-28.751796
2783.023243,1783.023243,-4.132396,-28.680348
2778.890847,1778.890847,-4.126676,-28.640748
2774.764171,1774.764171,-4.120971,-28.601256
2770.6432,1770.6432,-4.083484,-28.561873
2766.559716,1766.559716,-4.077869,-28.554395
2762.481847,1762.481847,-4.072268,-28.546965
2758.409579,1758.409579,-4.066684,-28.539586
2754.342895,1754.342895,-4.092796,-28.532253
2750.250099,1750.250099,-4.087184,-28.493288
2746.162915,1746.162915,-4.081588,-28.422974
2742.081327,1742.081327,-4.076006,-28.352822
2738.005321,1738.005321,-4.070439,-28.314228
2733.934882,1733.934882,-4.064889,-28.27574
2729.869993,1729.869993,-4.059351,-28.237354
2725.810642,1725.810642,-4.053831,-28.199074
2721.756811,1721.756811,-4.01687,-28.160895
2717.739941,1717.739941,-4.011436,-28.154274
2713.728505,1713.728505,-4.037412,-28.11647
2709.691093,1709.691093,-4.031951,-28.047371
2705.659142,1705.659142,-4.026503,-27.978429
2701.632639,1701.632639,-4.021071,-27.94079
2697.611568,1697.611568,-4.015652,-27.903251
2693.595916,1693.595916,-4.010249,-27.865813
2689.585667,1689.585667,-3.973632,-27.828476
2685.612035,1685.612035,-3.968313,-27.822466
2681.643722,1681.643722,-3.963009,-27.785495
2677.680713,1677.680713,-3.988864,-27.748622
2673.691849,1673.691849,-3.983532,-27.680702
2669.708317,1669.708317,-3.978214,-27.643859
2665.730103,1665.730103,-3.972912,-27.607116
2661.757191,1661.757191,-3.967622,-27.570469
2657.789569,1657.789569,-3.931342,-27.533921
2653.858227,1653.858227,-3.926136,-27.528475
2649.932091,1649.932091,-3.920944,-27.523071
2646.011147,1646.011147,-3.946689,-27.517709
2642.064458,1642.064458,-3.941471,-27.450733
2638.122987,1638.122987,-3.936265,-27.383905
2634.186722,1634.186722,-3.931074,-27.317228
2630.255648,1630.255648,-3.925896,-27.250699
2626.329752,1626.329752,-3.920732,-27.214944
2622.40902,1622.40902,-3.915582,-27.179284
2618.493438,1618.493438,-3.879713,-27.143718
2614.613725,1614.613725,-3.874643,-27.138977
2610.739082,1610.739082,-3.869588,-27.134277
2606.869494,1606.869494,-3.864545,-27.129615
2603.004949,1603.004949,-3.890141,-27.124993
2599.114808,1599.114808,-3.885072,-27.059347
2595.229736,1595.229736,-3.880016,-26.993846
2591.34972,1591.34972,-3.874972,11.32363
2587.474748,1587.474748,-3.869943,11.325108
2583.604805,1583.604805,-3.864926,11.326553
2579.739879,1579.739879,-3.859923,11.327965
2575.879956,1575.879956,-3.824495,11.329344
2572.055461,1572.055461,-3.819571,11.300253
2568.23589,1568.23589,34.43746,11.301587
2602.67335,1602.67335,-3.873494,-26.979609
2598.799856,1598.799856,-3.868498,-26.944932
2594.931358,1594.931358,-3.863514,-26.910344
2591.067844,1591.067844,-3.858544,-26.875847
2587.2093,1587.2093,-3.853586,-26.841438
2583.355714,1583.355714,-3.818237,-26.807119
2579.537477,1579.537477,-3.843736,-26.803294
2575.693741,1575.693741,-3.838817,-26.738932
2571.854924,1571.854924,-3.83391,40.821679
2568.021014,1568.021014,-3.829017,40.797485
2564.191997,1564.191997,-3.824135,40.773305
2560.367862,1560.367862,-3.819267,110.749135
2556.548595,1556.548595,-3.814412,107.901597
2552.734183,1552.734183,-3.779374,105.068575
2548.954809,1548.954809,63.721794,102.250032
2612.676603,1612.676603,-3.858104,230.26658
2608.818499,1608.818499,-3.853197,227.196999
2604.965302,1604.965302,66.151695,224.142637
2671.116997,1671.116997,-6.666805,151.103404
2664.450192,1664.450192,-6.647434,150.902593
2657.802758,1657.802758,-6.597917,150.70223
2651.204841,1651.204841,191.738342,150.472069
2842.943183,1842.943183,-6.927685,-48.044002
2836.015498,1836.015498,-6.907559,108.94486
2829.107939,1829.107939,-6.887538,378.860892
2822.220401,1822.220401,-6.867616,378.282765
2815.352785,1815.352785,-6.847797,377.706337
2808.504988,1808.504988,-6.828078,377.131602
2801.67691,1801.67691,-6.777729,376.558553
2794.899181,1794.899181,150.061177,375.98866
2944.960358,1944.960358,263.008473,286.66949
3207.968831,2207.968831,-7.465665,95.188871
3200.503166,2200.503166,-7.444044,95.094326
3193.059122,2193.059122,-7.422532,94.999844
3185.63659,2185.63659,-7.401127,94.905426
3178.235463,2178.235463,-7.347622,94.811072
3170.887841,2170.887841,60.742007,94.71702
3231.629848,2231.629848,71.527854,71.392901
3303.157702,2303.157702,-7.56021,-7.640351
3295.597492,2295.597492,-7.538526,-7.564249
3288.058966,2288.058966,-7.51695,-7.488645
3280.542016,2280.542016,-7.495481,-7.413533
3273.046535,2273.046535,-7.441674,-7.338911
3265.604861,2265.604861,37.417888,-7.264961
3303.022749,2303.022749,-7.505398,74.623227
3295.517351,2295.517351,-7.484108,74.564493
3288.033243,2288.033243,-7.462922,74.505708
3280.570321,2280.570321,-7.441838,74.446874
3273.128483,2273.128483,-7.420859,74.387991
3265.707624,2265.707624,-7.367724,74.329061
3258.3399,2258.3399,119.306076,74.270235
3377.645976,2377.645976,-7.564132,-52.441763
3370.081844,2370.081844,-7.542893,-52.263024
3362.538951,2362.538951,-7.521756,-52.117346
3355.017195,2355.017195,-7.500721,-51.972369
3347.516474,2347.516474,-7.479789,-51.828091
3340.036685,2340.036685,-7.42655,-51.684504
3332.610135,2332.610135,-7.405922,-51.574012
3325.204213,2325.204213,-7.385393,-51.4641
3317.81882,2317.81882,-7.397215,-51.322821
3310.421605,2310.421605,-7.376779,-51.149963
3303.044826,2303.044826,-7.356443,-50.977877
3295.688383,2295.688383,-7.336202,-50.838351
3288.352181,2288.352181,-7.316058,-50.699488
3281.036123,2281.036123,-7.29601,-50.561284
3273.740113,2273.740113,-7.244114,-50.423734
3266.495999,2266.495999,-7.224357,-50.318777
3259.271642,2259.271642,-7.204693,-50.214366
3252.066949,2252.066949,-7.216917,-50.079002
3244.850032,2244.850032,-7.197339,-5.317058
3237.652693,2237.652693,-7.177854,-5.252207
3230.474839,2230.474839,-7.15846,-5.18777
3223.316379,2223.316379,-7.139157,-5.123743
3216.177222,2216.177222,-7.119946,-5.060125
3209.057276,2209.057276,-7.069329,-4.996912
3201.987947,2201.987947,37.545027,-4.965595
3239.532974,2239.532974,-7.132488,-49.498718
3232.400486,2232.400486,-7.113417,-7.51729
3225.287069,2225.287069,-7.094433,-7.450751
3218.192636,2218.192636,-7.075539,-7.384621
3211.117097,2211.117097,-7.056733,-7.318897
3204.060364,2204.060364,-7.038012,-7.253575
3197.022352,2197.022352,-6.988096,-7.188654
3190.034256,2190.034256,34.84894,-7.124297
3224.883196,2224.883196,-7.046878,-48.909987
3217.836318,2217.836318,-7.028303,-48.78179
3210.808015,2210.808015,-7.009815,-48.654181
3203.7982,2203.7982,-6.991411,-48.527154
3196.806789,2196.806789,-6.973091,-48.400708
3189.833698,2189.833698,-6.923739,-48.274838
3182.909959,2182.909959,-6.93675,-48.149871
3175.973209,2175.973209,-6.918681,-47.994403
3169.054528,2169.054528,-6.900694,-47.839593
3162.153834,2162.153834,-6.882788,-47.716086
3155.271046,2155.271046,-6.864965,-47.593138
3148.406081,2148.406081,-6.847221,-47.470746
3141.55886,2141.55886,-6.798772,-47.348906
3134.760088,2134.760088,-6.781282,-47.258401
3127.978806,2127.978806,-6.763871,-47.16835
3121.214935,2121.214935,-6.777187,31.856838
3114.437748,2114.437748,-6.75984,185.415329
3107.677908,2107.677908,-6.742573,185.188907
3100.935335,2100.935335,-6.725381,184.962979
3094.209954,2094.209954,-6.708267,184.73754
3087.501687,2087.501687,-6.691231,184.512592
3080.810456,2080.810456,72.261317,184.319146
3153.071773,2153.071773,146.781304,105.190509
3299.853077,2299.853077,-6.986262,-48.440835
3292.866815,2292.866815,-6.968501,-48.318288
3285.898314,2285.898314,-6.95082,-48.196283
3278.947494,2278.947494,-6.933215,-48.074816
3272.014279,2272.014279,-6.884677,-47.953887
3265.129602,2265.129602,-6.86732,-47.864503
3258.262282,2258.262282,-6.85004,-47.744907
3251.412242,2251.412242,-6.863715,110.195517
3244.548527,2244.548527,-6.846496,110.084387
3237.702031,2237.702031,-6.829353,109.973404
3230.872678,2230.872678,-6.812286,109.862569
3224.060392,2224.060392,-6.795293,109.751883
3217.265099,2217.265099,-6.747724,109.641344
3210.517375,2210.517375,151.090384,109.531246
3361.607759,2361.607759,-6.974845,-48.400056
3354.632914,2354.632914,-6.957479,-48.249299
3347.675435,2347.675435,-6.940188,-48.099151
3340.735247,2340.735247,-6.922972,-47.949608
3333.812275,2333.812275,-6.905832,-47.800667
3326.906443,2326.906443,-6.857822,-47.683003
3320.048621,2320.048621,-6.840918,-47.59679
3313.207703,2313.207703,-6.824088,-47.510992
3306.383615,2306.383615,-6.807331,-47.425608
3299.576284,2299.576284,-6.790645,-47.340633
3292.785639,2292.785639,-6.774031,-47.256066
3286.011608,2286.011608,-6.788168,-47.171906
3279.22344,2279.22344,-6.771609,-47.027095
3272.451831,2272.451831,-6.75512,173.072938
3265.696711,2265.696711,-6.738704,316.009464
3258.958007,2258.958007,-6.722356,315.609357
3252.235651,2252.235651,-6.706078,315.210216
3245.529573,2245.529573,-6.689871,314.812038
3238.839702,2238.839702,-6.643357,314.414821
3232.196345,2232.196345,213.328424,314.019605
3445.524769,2445.524769,136.181406,162.826801
3581.706175,2581.706175,-7.138811,110.051871
3574.567364,2574.567364,-7.121497,109.947988
3567.445867,2567.445867,-7.104256,109.844227
3560.341611,2560.341611,-7.087088,109.740586
3553.254523,2553.254523,-7.038573,109.637068
3546.21595,2546.21595,62.13562,109.533937
3608.35157,2608.35157,83.406476,40.273671
3691.758046,2691.758046,-7.242694,-50.240464
3684.515352,2684.515352,-7.225258,-50.088513
3677.290094,2677.290094,-7.207897,-49.937151
3670.082197,2670.082197,-7.190606,-49.817841
3662.891591,2662.891591,-7.141704,-49.699027
3655.749887,2655.749887,-7.124646,-49.612391
3648.625241,2648.625241,-7.107659,-49.526157
3641.517582,2641.517582,-7.090743,-49.440324
3634.426839,2634.426839,-7.073896,-49.323638
3627.352943,2627.352943,-7.088587,-49.207434
3620.264356,2620.264356,-7.071792,-49.091406
3613.192564,2613.192564,-7.055068,-48.975857
3606.137496,2606.137496,-7.038412,-48.860782
3599.099084,2599.099084,-7.021826,-48.74618
3592.077258,2592.077258,-6.974057,-48.632046
3585.103201,2585.103201,-6.957692,-48.549631
3578.145509,2578.145509,-6.972559,-48.436684
3571.17295,2571.17295,-6.956243,-48.293032
3564.216707,2564.216707,-6.939993,-48.149924
3557.276714,2557.276714,-6.92381,-48.007356
3550.352904,2550.352904,-6.907692,-47.89607
3543.445212,2543.445212,-6.891642,-47.785237
3536.55357,2536.55357,-6.844745,-47.674852
3529.708825,2529.708825,-6.828907,-47.595826
3522.879918,2522.879918,-6.813135,-47.51716
3516.066783,2516.066783,-6.797425,-47.438853
3509.269358,2509.269358,-6.812524,-47.360903
3502.456834,2502.456834,-6.796859,-47.222108
3495.659975,2495.659975,-6.781257,-47.083829
3488.878718,2488.878718,-6.765719,-46.946065
3482.112999,2482.112999,-6.750241,-46.808812
3475.362758,2475.362758,-6.734828,-46.672069
3468.62793,2468.62793,-6.719475,-46.566086
3461.908455,2461.908455,-6.673729,-46.460527
3455.234726,2455.234726,-6.65858,-46.385844
3448.576146,2448.576146,-6.643493,-46.3115
3441.932653,2441.932653,-6.628466,-46.237492
3435.304187,2435.304187,-6.613498,-46.163817
3428.690689,2428.690689,-6.628845,-46.090475
3422.061844,2422.061844,-6.613916,10.991237
3415.447928,2415.447928,-6.599046,189.420699
3408.848882,2408.848882,-6.584236,189.213975
3402.264646,2402.264646,-6.569485,189.007658
3395.695161,2395.695161,-6.554791,188.801746
3389.14037,2389.14037,-6.540156,188.596237
3382.600214,2382.600214,50.452867,188.421698
3433.053081,2433.053081,171.815546,277.581546
3604.868627,2604.868627,-6.80577,329.507874
3598.062857,2598.062857,-6.790553,329.122539
3591.272304,2591.272304,-6.775397,328.738065
3584.496907,2584.496907,-6.7603,328.354452
3577.736607,2577.736607,-6.714695,327.971696
3571.021912,2571.021912,139.612715,327.559227
3710.634627,2710.634627,223.741874,180.866705
3934.376501,2934.376501,-7.191105,-49.939289
3927.185396,2927.185396,-7.175027,-49.828121
3920.010369,2920.010369,-7.15901,-49.717384
3912.851359,2912.851359,-7.143056,-49.607076
3905.708303,2905.708303,-7.127164,-49.497195
3898.581139,2898.581139,-7.079807,-49.387738
3891.501332,2891.501332,-7.06412,-49.31023
3884.437212,2884.437212,-7.079937,-49.201856
3877.357275,2877.357275,-7.06429,1902.058688
3870.292985,2870.292985,-7.048702,2120.846029
3863.244283,2863.244283,-7.033175,2115.196313
3856.211108,2856.211108,-7.017707,2109.595439
3849.193401,2849.193401,-7.002299,2104.042978
3842.191102,2842.191102,-6.955746,2098.538507
3835.235356,2835.235356,1944.180607,2093.050402
5779.415963,4779.415963,211.723051,136.520122
5991.139014,4991.139014,-12.698418,-87.522437
5978.440596,4978.440596,-12.634049,-87.082014
5965.806547,4965.806547,-12.570168,-86.644907
5953.236379,4953.236379,-12.50677,-86.211082
5940.729609,4940.729609,-12.443851,-85.780507
5928.285758,4928.285758,-12.349673,-85.35315
5915.936085,4915.936085,-12.319508,-84.929526
5903.616577,4903.616577,-12.257995,-84.508505
5891.358582,4891.358582,-12.196942,-61.248409
5879.16164,4879.16164,-12.136343,-60.889549
5867.025297,4867.025297,-12.076195,-60.533478
5854.949102,4854.949102,-12.016494,-60.180167
5842.932608,4842.932608,-11.926049,-59.829588
5831.006559,4831.006559,-11.898487,-59.512898
5819.108072,4819.108072,11.002101,-59.136973
5830.110173,4830.110173,-11.838082,143.140085
5818.272091,4818.272091,-11.780272,246.881982
5806.491819,4806.491819,-11.722884,246.486745
5794.768935,4794.768935,-11.665915,246.092439
5783.10302,4783.10302,-11.609359,245.699065
5771.493661,4771.493661,-11.522562,245.306622
5759.971099,4759.971099,213.279159,244.915627
5973.250258,4973.250258,91.903815,19.779434
6065.154073,5065.154073,-12.175509,-83.956315
6052.978564,5052.978564,-12.11719,-83.556869
6040.861374,5040.861374,-12.059289,-83.160268
6028.802085,5028.802085,-12.001802,-82.766482
6016.800283,5016.800283,-11.913557,-82.375487
6004.886726,5004.886726,-11.857034,-82.018423
5993.029692,4993.029692,-11.831934,-81.66395
5981.197758,4981.197758,-11.776063,-81.28102
5969.421695,4969.421695,-11.720589,-80.870333
5957.701106,4957.701106,-11.665503,-80.492822
5946.035603,4946.035603,-11.610807,-80.11795
5934.424796,4934.424796,-11.556493,-79.745689
5922.868303,4922.868303,-11.502561,-79.376017
5911.365742,4911.365742,-11.449004,-79.008908
5899.916738,4899.916738,-11.365376,-78.64434
5888.551362,4888.551362,-11.343078,-78.312735
5877.208284,4877.208284,-11.290631,-77.923219
5865.917653,4865.917653,-11.238546,-77.53631
5854.679107,4854.679107,-11.186821,-77.151986
5843.492286,4843.492286,-11.135452,-76.770223
5832.356834,4832.356834,-11.084436,-76.420617
5821.272398,4821.272398,-11.033771,-76.073392
5810.238627,4810.238627,-10.953562,-75.728526
5799.285065,4799.285065,-10.903722,-75.415889
5788.381343,4788.381343,-10.854222,-75.105433
5777.527121,4777.527121,-10.805058,-74.797139
5766.722063,4766.722063,-10.785846,-74.461763
5755.936217,4755.936217,-10.737211,-35.02265
5745.199006,4745.199006,-10.688905,-34.778159
5734.510101,4734.510101,-10.640925,-34.535499
5723.869176,4723.869176,-10.593266,-34.294653
5713.27591,4713.27591,-10.545928,-34.055605
5702.729982,4702.729982,-10.469682,-33.818337
5692.2603,4692.2603,28.653267,-33.583164
5720.913567,4720.913567,-10.49272,109.881395
5710.420847,4710.420847,-10.446245,405.997182
5699.974602,4699.974602,-10.400079,405.270534
5689.574523,4689.574523,-10.354218,404.546346
5679.220305,4679.220305,-10.30866,403.824605
5668.911645,4668.911645,-10.234509,403.105301
5658.677136,4658.677136,172.117826,402.389415
5830.794962,4830.794962,285.623067,219.368441
6116.418029,5116.418029,-11.172893,-77.140592
6105.245136,5105.245136,-11.124267,-76.806899
6094.120869,5094.120869,-11.075959,-76.475366
6083.04491,5083.04491,-11.027964,-76.145974
6072.016946,5072.016946,-10.950395,-75.818706
6061.066551,5061.066551,-10.903148,-75.493987
6050.163403,5050.163403,-10.885966,-75.171353
6039.277437,5039.277437,-10.8392,-74.821025
6028.438237,5028.438237,-10.792734,-74.502126
6017.645503,5017.645503,-10.746567,-74.185261
6006.898936,5006.898936,-10.700696,-73.870413
5996.19824,4996.19824,-10.625676,-73.557564
5985.572564,4985.572564,-10.580514,-73.276138
5974.99205,4974.99205,-10.535638,-72.996553
5964.456412,4964.456412,-10.520301,-72.718793
5953.936111,4953.936111,-10.475869,-72.384761
5943.460242,4943.460242,-10.431719,64.150921
5933.028523,4933.028523,-10.387847,246.142327
5922.640676,4922.640676,-10.34425,245.782469
5912.296426,4912.296426,-10.300929,245.423467
5901.995497,4901.995497,-10.257878,245.065322
5891.737619,4891.737619,-10.186269,244.708032
5881.55135,4881.55135,126.059813,244.322767
6007.611163,5007.611163,171.559687,107.764051
6179.17085,5179.17085,-10.747705,-74.251558
6168.423145,5168.423145,-10.703252,-73.946205
6157.719893,5157.719893,-10.659074,-73.642732
6147.060819,5147.060819,-10.615168,2926.658878
6136.445651,5136.445651,-10.571534,2937.259533
6125.874117,5125.874117,-10.498903,2947.816553
6115.375214,5115.375214,-10.455922,2958.300942
6104.919292,5104.919292,-10.442352,2968.771378
6094.47694,5094.47694,-10.399779,2979.228244
6084.077161,5084.077161,2989.642536,2989.613509
9073.719697,8073.719697,-0.014513,-0.043541
9073.705184,8073.705184,-0.014514,-0.043542
9073.69067,8073.69067,-0.014514,-0.043541
9073.676156,8073.676156,0.014514,-0.043541
9073.69067,8073.69067,0.014514,-0.072569
9073.705184,8073.705184,-0.014514,-0.072569
9073.69067,8073.69067,-0.014514,32.521804
9073.676156,8073.676156,-0.014514,32.521758
9073.661642,8073.661642,-0.014513,32.521711
9073.647129,8073.647129,-0.014514,32.521664
9073.632615,8073.632615,-0.014514,32.521618
9073.618101,8073.618101,0.014514,32.521572
9073.632615,8073.632615,32.579859,32.521618
9106.212474,8106.212474,-0.01456,-0.043681
9106.197914,8106.197914,-0.014561,58.246687
9106.183353,8106.183353,-0.01456,58.246605
9106.168793,8106.168793,-0.01456,58.246522
9106.154233,8106.154233,-0.01456,58.246439
9106.139673,8106.139673,0.01456,58.246356
9106.154233,8106.154233,0.01456,58.217153
9106.168793,8106.168793,58.275808,58.18795
9164.444601,8164.444601,-0.014643,11.471943
9164.429958,8164.429958,-0.014643,11.471927
9164.415315,8164.415315,-0.014643,11.471911
9164.400672,8164.400672,-0.014643,11.471895
9164.386029,8164.386029,-0.014643,11.471878
9164.371386,8164.371386,-0.014643,11.471862
9164.356743,8164.356743,11.559801,11.501164
9175.916544,8175.916544,-0.014659,-0.043977
9175.901885,8175.901885,-0.014659,68.74884
9175.887226,8175.887226,-0.014659,68.748742
9175.872567,8175.872567,-0.01466,68.748645
9175.857907,8175.857907,-0.014659,68.748549
9175.843248,8175.843248,0.014659,68.748452
9175.857907,8175.857907,0.01466,68.719037
9175.872567,8175.872567,68.778158,68.719133
9244.650725,8244.650725,-0.014757,31.41405
9244.635968,8244.635968,-0.014756,31.414006
9244.621212,8244.621212,-0.014756,31.413962
9244.606456,8244.606456,-0.014756,31.413918
9244.5917,8244.5917,-0.014756,31.413873
9244.576944,8244.576944,0.014756,31.413829
9244.5917,8244.5917,31.473075,31.413873
9276.064775,8276.064775,-0.014801,35.438158
9276.049974,8276.049974,-0.0148,35.438109
9276.035174,8276.035174,-0.0148,35.438059
9276.020374,8276.020374,-0.014801,35.438009
9276.005573,8276.005573,-0.0148,35.43796
9275.990773,8275.990773,0.0148,35.43791
9276.005573,8276.005573,35.49736,35.43796
9311.502933,8311.502933,-0.01485,-0.04455
9311.488083,8311.488083,-0.01485,-0.01485
9311.473233,8311.473233,-0.01485,-0.01485
9311.458383,8311.458383,-0.01485,-0.01485
9311.443533,8311.443533,-0.01485,-0.01485
9311.428683,8311.428683,0.01485,-0.014849
9311.443533,8311.443533,0.01485,-0.044549
9311.458383,8311.458383,0.01485,-0.074249
9311.473233,8311.473233,-0.01485,-0.103949
9311.458383,8311.458383,-0.01485,-0.074249
9311.443533,8311.443533,-0.01485,237.622039
9311.428683,8311.428683,-0.014849,237.621711
9311.413834,8311.413834,-0.01485,237.621381
9311.398984,8311.398984,-0.01485,237.621053
9311.384134,8311.384134,-0.01485,237.620724
9311.369284,8311.369284,0.01485,237.620396
9311.384134,8311.384134,237.681438,237.620724
9549.065572,8549.065572,-0.015178,-0.045535
9549.050394,8549.050394,-0.015179,-0.015179
9549.035215,8549.035215,-0.015178,0.015179
9549.020037,8549.020037,-0.015179,0.015178
9549.004858,8549.004858,-0.015178,0.015179
9548.98968,8548.98968,0.015178,0.015178
9549.004858,8549.004858,0.015179,-0.015178
9549.020037,8549.020037,0.015178,-0.045535
9549.035215,8549.035215,0.015179,-0.075892
9549.050394,8549.050394,-0.015179,-0.106249
9549.035215,8549.035215,-0.015178,-0.075892
9549.020037,8549.020037,-0.015179,-0.075892
9549.004858,8549.004858,-0.015178,-0.075891
9548.98968,8548.98968,-0.015178,-0.075892
9548.974502,8548.974502,-0.015179,-0.075892
9548.959323,8548.959323,-0.015178,-0.075891
9548.944145,8548.944145,0.015178,-0.075891
9548.959323,8548.959323,-0.015178,-0.106247
9548.944145,8548.944145,-0.015178,-0.106248
9548.928967,8548.928967,-0.015179,161.74875
9548.913788,8548.913788,-0.015178,161.748531
9548.89861,8548.89861,-0.015178,177.048796
9548.883432,8548.883432,-0.015178,177.048555
9548.868254,8548.868254,-0.015178,177.048315
9548.853076,8548.853076,-0.015179,177.048074
9548.837897,8548.837897,161.83982,177.047835
9710.677717,8710.677717,-0.015398,15.223433
9710.662319,8710.662319,15.285087,109.058199
9725.947406,8725.947406,-0.015419,313.895964
9725.931987,8725.931987,-0.015418,313.895543
9725.916569,8725.916569,-0.015419,313.895131
9725.90115,8725.90115,-0.015418,313.89471
9725.885732,8725.885732,0.015418,313.894288
9725.90115,8725.90115,93.819368,313.86304
9819.720518,8819.720518,220.122852,220.059502
10039.84337,9039.84337,-0.01584,84.72759
10039.82753,9039.82753,-0.01583,271.19995
10039.8117,9039.8117,-0.01584,271.19959
10039.79586,9039.79586,-0.01584,271.19924
10039.78002,9039.78002,-0.01583,271.1989
10039.76419,9039.76419,0.01583,271.19854
10039.78002,9039.78002,84.79094,271.1989
10124.57096,9124.57096,186.45652,186.42414
10311.02748,9311.02748,-0.01619,-0.04856
10311.01129,9311.01129,-0.01619,-0.04856
10310.9951,9310.9951,-0.01618,-0.04856
10310.97892,9310.97892,-0.01619,-0.04857
10310.96273,9310.96273,0.01619,-0.04856
10310.97892,9310.97892,0.01618,-0.04857
10310.9951,9310.9951,-0.01618,-0.04856
10310.97892,9310.97892,-0.01619,-0.01619
10310.96273,9310.96273,-0.01619,-0.01619
10310.94654,9310.94654,-0.01619,-0.01619
10310.93035,9310.93035,-0.01618,-0.01618
10310.91417,9310.91417,0.01618,-0.01619
10310.93035,9310.93035,0.01619,-0.04856
10310.94654,9310.94654,0.01619,-0.04856
10310.96273,9310.96273,-0.01619,-0.04856
10310.94654,9310.94654,-0.01619,-0.01619
10310.93035,9310.93035,-0.01618,0.01619
10310.91417,9310.91417,-0.01619,0.01618
10310.89798,9310.89798,-0.01619,0.01619
10310.88179,9310.88179,0.01619,0.01619
10310.89798,9310.89798,0.01619,-0.01619
10310.91417,9310.91417,0.01618,-0.04856
10310.93035,9310.93035,0.01619,-0.08093
10310.94654,9310.94654,-0.01619,-0.08093
10310.93035,9310.93035,-0.01618,-0.04856
10310.91417,9310.91417,-0.01619,-0.01619
10310.89798,9310.89798,-0.01619,-0.01619
10310.88179,9310.88179,-0.01618,-0.01618
10310.86561,9310.86561,-0.01619,-0.01619
10310.84942,9310.84942,0.01619,-0.01619
10310.86561,9310.86561,0.01618,-0.04856
10310.88179,9310.88179,0.01619,-0.08093
10310.89798,9310.89798,-0.01619,-0.11331
10310.88179,9310.88179,-0.01618,-0.1133
10310.86561,9310.86561,-0.01619,22.39933
10310.84942,9310.84942,-0.01619,22.39931
10310.83323,9310.83323,-0.01618,22.39928
10310.81705,9310.81705,-0.01619,22.39925
10310.80086,9310.80086,-0.01619,22.39922
10310.78467,9310.78467,-0.01618,22.3992
10310.76849,9310.76849,22.49645,22.43159
10333.26494,9333.26494,-0.01621,-0.08107
10333.24873,9333.24873,-0.01622,16.19942
10333.23251,9333.23251,-0.01621,16.1994
10333.2163,9333.2163,-0.01622,16.19938
10333.20008,9333.20008,-0.01621,16.19936
10333.18387,9333.18387,0.01621,16.19933
10333.20008,9333.20008,-0.01621,16.16689
10333.18387,9333.18387,16.26428,16.19933
10349.44815,9349.44815,-0.01624,-0.04871
10349.43191,9349.43191,-0.01623,-0.01623
10349.41568,9349.41568,-0.01624,0.01623
10349.39944,9349.39944,-0.01624,0.04871
10349.3832,9349.3832,-0.01623,0.04871
10349.36697,9349.36697,0.01623,0.04871
10349.3832,9349.3832,0.01624,0.01624
10349.39944,9349.39944,0.01624,-0.01624
10349.41568,9349.41568,0.01623,-0.04871
10349.43191,9349.43191,0.01624,-0.04871
10349.44815,9349.44815,-0.01624,167.38052
10349.43191,9349.43191,-0.01623,167.38031
10349.41568,9349.41568,-0.01624,212.77151
10349.39944,9349.39944,-0.01624,212.77124
10349.3832,9349.3832,-0.01623,212.77097
10349.36697,9349.36697,0.01623,212.7707
10349.3832,9349.3832,167.44547,212.77097
10516.82867,9516.82867,-0.01645,45.34201
10516.81222,9516.81222,45.37497,45.37497
10562.18719,9562.18719,-0.01651,0.0165
10562.17068,9562.17068,-0.01651,0.04952
10562.15417,9562.15417,-0.0165,0.08253
10562.13767,9562.13767,0.0165,0.08253
10562.15417,9562.15417,0.01651,0.04952
10562.17068,9562.17068,0.01651,0.01651
10562.18719,9562.18719,0.0165,-0.01651
10562.20369,9562.20369,0.01651,-0.04952
10562.2202,9562.2202,0.0165,-0.08253
10562.2367,9562.2367,-0.0165,-0.08253
10562.2202,9562.2202,-0.01651,-0.04952
10562.20369,9562.20369,-0.0165,85.74183
10562.18719,9562.18719,-0.01651,85.74172
10562.17068,9562.17068,-0.01651,85.74161
10562.15417,9562.15417,-0.0165,85.74151
10562.13767,9562.13767,0.0165,-10562.13767
10562.15417,9562.15417,0.01651,-10562.15417
10562.17068,9562.17068,85.77484,-10562.17068
10647.94552,9647.94552,-0.01661,-10647.94552
10647.92891,9647.92891,-0.01662,-10647.92891
10647.91229,9647.91229,-0.01661,-10647.91229
10647.89568,9647.89568,0,-10647.89568
