Date,USD (PM),Volume,open,close,high,low
2016/9/12,1324.6,14030,,,,
2016/9/13,1323.65,7060,,,,
2016/9/14,1321.75,8480,,,,
2016/9/15,1310.8,17170,,,,
2016/9/16,1308.35,8840,,,,
2016/9/19,1314.85,8320,,,,
2016/9/20,1313.8,10830,,,,
2016/9/21,1326.1,18510,,,,
2016/9/22,1339.1,13720,,,,
2016/9/23,1338.65,9700,,,,
2016/9/26,1340.5,9620,,,,
2016/9/27,1327,13080,,,,
2016/9/28,1322.5,8990,,,,
2016/9/29,1318.1,12640,,,,
2016/9/30,1322.5,9470,,,,
2016/10/3,1313.3,1890,,,,
2016/10/4,1283.3,230,,,,
2016/10/5,1269.4,70,,,,
2016/10/6,1254.5,14160,,,,
2016/10/7,1258.75,19550,,,,
2016/10/10,1259.5,10710,,,,
2016/10/11,1253.45,3930,,,,
2016/10/12,1256.5,4850,,,,
2016/10/13,1261.05,10060,,,,
2016/10/14,1251.75,11880,,,,
2016/10/17,1254.8,6550,,,,
2016/10/18,1258.2,11120,,,,
2016/10/19,1269.05,10190,,,,
2016/10/20,1271.65,10010,,,,
2016/10/21,1266.05,7310,,,,
2016/10/24,1265.55,12860,,,,
2016/10/25,1269.4,8200,,,,
2016/10/26,1270.5,8050,,,,
2016/10/27,1266.25,5850,,,,
2016/10/28,1273,12750,,,,
2016/10/31,1272,2100,,,,
2016/11/1,1288.45,2260,,,,
2016/11/2,1303.75,870,,,,
2016/11/3,1301,330,,,,
2016/11/4,1302.8,150,,,,
2016/11/7,1283.05,13030,,,,
2016/11/8,1282.35,19270,,,,
2016/11/9,1281.4,42740,,,,
2016/11/10,1267.5,15670,,,,
2016/11/11,1236.45,17730,,,,
2016/11/14,1213.6,9520,,,,
2016/11/15,1226.95,10540,,,,
2016/11/16,1229.2,8170,,,,
2016/11/17,1226.75,9520,,,,
2016/11/18,1211,11520,,,,
2016/11/21,1214.25,7820,,,,
2016/11/22,1212.25,6680,,,,
2016/11/23,1185.35,10850,,,,
2016/11/24,1186.1,7080,,,,
2016/11/25,1187.7,13010,,,,
2016/11/28,1187,8360,,,,
2016/11/29,1186.55,7060,,,,
2016/11/30,1178.1,9710,,,,
2016/12/1,1161.85,2100,,,,
2016/12/2,1173.5,820,,,,
2016/12/5,1162.2,460,,,,
2016/12/6,1172.5,8660,,,,
2016/12/7,1177.65,9900,,,,
2016/12/8,1171.05,8560,,,,
2016/12/9,1163.6,8950,,,,
2016/12/12,1156.1,8950,,,,
2016/12/13,1158.55,7070,,,,
2016/12/14,1162.25,7060,,,,
2016/12/15,1126.95,18560,,,,
2016/12/16,1131.6,13480,,,,
2016/12/19,1136.25,7230,,,,
2016/12/20,1125.7,10670,,,,
2016/12/21,1133.65,9460,,,,
2016/12/22,1131.35,11290,,,,
2016/12/28,1134.6,5900,,,,
2016/12/29,1145.9,7750,,,,
2017/1/3,1151,960,,,,
2017/1/4,1164.25,720,,,,
2017/1/5,1176.7,230,,,,
2017/1/6,1175.85,12120,,,,
2017/1/9,1178.5,9480,,,,
2017/1/10,1189.5,11750,,,,
2017/1/11,1178.55,13180,,,,
2017/1/12,1205.05,12930,,,,
2017/1/13,1190.35,11160,,,,
2017/1/16,1203,8010,,,,
2017/1/17,1216.05,13350,,,,
2017/1/18,1214.75,9250,,,,
2017/1/19,1196.05,12640,,,,
2017/1/20,1200.55,11510,,,,
2017/1/23,1212.85,9610,,,,
2017/1/24,1216.8,6700,,,,
2017/1/25,1195,11580,,,,
2017/1/27,1184.85,10480,,,,
2017/1/30,1192.8,7210,,,,
2017/1/31,1212.8,7610,,,,
2017/2/1,1203.65,4270,,,,
2017/2/2,1221.95,380,,,,
2017/2/3,1215.2,240,,,,
2017/2/6,1226.75,10160,,,,
2017/2/7,1231,11600,,,,
2017/2/8,1242.1,10850,,,,
2017/2/9,1236.8,12950,,,,
2017/2/10,1228.3,11840,,,,
2017/2/13,1222.25,8230,,,,
2017/2/14,1230.75,11120,,,,
2017/2/15,1224.4,11100,,,,
2017/2/16,1240.55,12510,,,,
2017/2/17,1241.95,9650,,,,
2017/2/20,1237.3,5980,,,,
2017/2/21,1233.2,10550,,,,
2017/2/22,1236.65,8980,,,,
2017/2/23,1247.9,12210,,,,
2017/2/24,1253.65,6280,,,,
2017/2/27,1257.2,7870,,,,
2017/2/28,1255.6,8540,,,,
2017/3/1,1240.4,2230,,,,
2017/3/2,1238.1,430,,,,
2017/3/3,1226.5,210,,,,
2017/3/6,1230.95,10370,,,,
2017/3/7,1216.65,10090,,,,
2017/3/8,1209.2,9370,,,,
2017/3/9,1206.55,10850,,,,
2017/3/10,1202.65,11570,,,,
2017/3/13,1204.2,4310,,,,
2017/3/14,1204.6,10240,,,,
2017/3/15,1198.8,10780,,,,
2017/3/16,1229.35,14140,,,,
2017/3/17,1229.6,7110,,,,
2017/3/20,1232.4,7810,,,,
2017/3/21,1241.6,14910,,,,
2017/3/22,1249.05,11120,,,,
2017/3/23,1247.5,11080,,,,
2017/3/24,1247.5,7950,,,,
2017/3/27,1257.55,9090,,,,
2017/3/28,1257.25,7330,,,,
2017/3/29,1251.1,6690,,,,
2017/3/30,1248.8,8220,,,,
2017/3/31,1244.85,6930,,,,
2017/4/3,1247.25,1450,,,,
2017/4/4,1257.65,90,,,,
2017/4/5,1245.8,330,,,,
2017/4/6,1252.5,8810,,,,
2017/4/7,1266.45,13730,,,,
2017/4/10,1250.05,7970,,,,
2017/4/11,1252.9,13440,,,,
2017/4/12,1274.3,9960,,,,
2017/4/13,1284.15,9670,,,,
2017/4/18,1278.95,13290,,,,
2017/4/19,1279.05,10300,,,,
2017/4/20,1282.1,9340,,,,
2017/4/21,1281.85,8980,,,,
2017/4/24,1269.4,12030,,,,
2017/4/25,1267.8,9720,,,,
2017/4/26,1261.85,9060,,,,
2017/4/27,1262.8,7610,,,,
2017/4/28,1266.45,6440,,,,
2017/5/2,1255.45,490,,,,
2017/5/3,1250.3,90,,,,
2017/5/4,1228.45,80,,,,
2017/5/5,1228.05,60,,,,
2017/5/8,1229.8,7850,,,,
2017/5/9,1220.4,10100,,,,
2017/5/10,1222.95,9280,,,,
2017/5/11,1223.15,9720,,,,
2017/5/12,1231.25,9480,,,,
2017/5/15,1233.3,8760,,,,
2017/5/16,1234.2,7730,,,,
2017/5/17,1257.4,15920,,,,
2017/5/18,1255.9,23800,,,,
2017/5/19,1252,13160,,,,
2017/5/22,1258.85,9310,,,,
2017/5/23,1260.2,12500,,,,
2017/5/24,1252.55,8690,,,,
2017/5/25,1256.95,9930,,,,
2017/5/26,1265.05,9520,,,,
2017/5/30,1262.7,9880,,,,
2017/5/31,1266.2,7830,,,,
2017/6/1,1264.85,1770,,,,
2017/6/2,1274.95,310,,,,
2017/6/5,1279.95,710,,,,
2017/6/6,1293.5,11140,,,,
2017/6/7,1291,9820,,,,
2017/6/8,1273.1,12950,,,,
2017/6/9,1266.55,8980,,,,
2017/6/12,1266.4,7770,,,,
2017/6/13,1262,7710,,,,
2017/6/14,1275.5,9370,,,,
2017/6/15,1254.55,11430,,,,
2017/6/16,1255.4,6780,,,,
2017/6/19,1248.15,7550,,,,
2017/6/20,1242.2,7690,,,,
2017/6/21,1242.5,9080,,,,
2017/6/22,1250.8,7480,,,,
2017/6/23,1255.7,7100,,,,
2017/6/26,1245.25,4610,,,,
2017/6/27,1249.55,7630,,,,
2017/6/28,1248,7730,,,,
2017/6/29,1243.5,7940,,,,
2017/6/30,1242.25,8400,,,,
2017/7/3,1229.25,3240,,,,
2017/7/4,1223.75,1260,,,,
2017/7/5,1220.3,900,,,,
2017/7/6,1224.9,10570,,,,
2017/7/7,1215.65,16370,,,,
2017/7/10,1211.9,13130,,,,
2017/7/11,1211.05,11020,,,,
2017/7/12,1218.8,10470,,,,
2017/7/13,1218.9,7670,,,,
2017/7/14,1230.3,14380,,,,
2017/7/17,1234.1,7520,,,,
2017/7/18,1240.75,9350,,,,
2017/7/19,1242.15,8470,,,,
2017/7/20,1238.7,11270,,,,
2017/7/21,1248.55,9540,,,,
2017/7/24,1255.55,7970,,,,
2017/7/25,1254.4,11130,,,,
2017/7/26,1248.1,8090,,,,
2017/7/27,1261.1,10460,,,,
2017/7/28,1264.9,8240,,,,
2017/7/31,1267.55,6200,,,,
2017/8/1,1270.95,2230,,,,
2017/8/2,1269.6,580,,,,
2017/8/3,1268.1,480,,,,
2017/8/4,1257.7,70,,,,
2017/8/7,1258,3950,,,,
2017/8/8,1261.8,7400,,,,
2017/8/9,1271.05,11580,,,,
2017/8/10,1284.4,12400,,,,
2017/8/11,1286.1,11320,,,,
2017/8/14,1282.3,7740,,,,
2017/8/16,1270.3,10490,,,,
2017/8/17,1272.75,9730,,,,
2017/8/18,1285.15,12430,,,,
2017/8/21,1295.8,7420,,,,
2017/8/22,1292.9,8750,,,,
2017/8/23,1284.2,7270,,,,
2017/8/24,1286.65,7170,,,,
2017/8/25,1289,7040,,,,
2017/8/28,1285.3,9560,,,,
2017/8/29,1318.65,11070,,,,
2017/8/30,1308.5,8460,,,,
2017/8/31,1311.75,6940,,,,
2017/9/1,1320.4,1150,,,,
2017/9/4,1333.1,270,,,,
2017/9/5,1335.55,190,,,,
2017/9/6,1337.85,12400,,,,
2017/9/7,1343.5,14460,,,,
2017/9/8,1346.25,13380,,,,
2017/9/11,1334.2,12580,,,,
2017/9/12,1326.5,9390,,,,
2017/9/13,1327.55,10610,,,,
2017/9/14,1324.55,12390,,,,
2017/9/15,1322.85,11580,,,,
2017/9/18,1312.1,10850,,,,
2017/9/19,1309.6,8109,,,,
2017/9/20,1311.3,8420,,,,
2017/9/21,1292.1,13180,,,,
2017/9/22,1294.8,8540,,,,
2017/9/25,1293.3,13450,,,,
2017/9/26,1300.05,11900,,,,
2017/9/27,1282.55,10370,,,,
2017/9/28,1283.35,7990,,,,
2017/9/29,1283.1,7490,,,,
2017/10/3,1271.25,1530,,,,
2017/10/4,1274.25,230,,,,
2017/10/5,1274.5,60,,,,
2017/10/6,1261.8,11300,,,,
2017/10/9,1278.75,6170,,,,
2017/10/10,1291.4,6980,,,,
2017/10/11,1289.25,5430,,,,
2017/10/12,1290.25,6880,,,,
2017/10/13,1299.6,7310,,,,
2017/10/16,1303.3,5770,,,,
2017/10/17,1284.75,8270,,,,
2017/10/18,1280.2,5080,,,,
2017/10/19,1286.4,1700,,,,
2017/10/20,1281.2,3220,,,,
2017/10/23,1274.9,7210,,,,
2017/10/24,1276.45,5500,,,,
2017/10/25,1275,8109,,,,
2017/10/26,1273.75,8370,,,,
2017/10/27,1266.45,6530,,,,
2017/10/30,1272,4820,,,,
2017/10/31,1270.15,5800,,,,
2017/11/1,1277.05,2160,,,,
2017/11/2,1279.2,340,,,,
2017/11/3,1267.2,50,,,,
2017/11/6,1270.9,7660,,,,
2017/11/7,1275.6,8210,,,,
2017/11/8,1284,7900,,,,
2017/11/9,1284.8,9360,,,,
2017/11/10,1284.3,9680,,,,
2017/11/13,1277.95,6190,,,,
2017/11/14,1274.6,10220,,,,
2017/11/15,1282.2,9840,,,,
2017/11/16,1280,7790,,,,
2017/11/17,1284.35,9900,,,,
2017/11/20,1286.2,10650,,,,
2017/11/21,1283.3,7660,,,,
2017/11/22,1286.95,7800,,,,
2017/11/23,1290.35,5780,,,,
2017/11/24,1290.5,5800,,,,
2017/11/27,1294.9,6550,,,,
2017/11/28,1291.85,5800,,,,
2017/11/29,1283.85,5890,,,,
2017/11/30,1280.2,6540,,,,
2017/12/1,1275.5,2160,,,,
2017/12/4,1273.45,90,,,,
2017/12/5,1266.3,50,,,,
2017/12/6,1263.7,6380,,,,
2017/12/7,1255,7380,,,,
2017/12/8,1250.65,8420,,,,
2017/12/11,1247.15,5920,,,,
2017/12/12,1240.9,7580,,,,
2017/12/13,1242.65,4660,,,,
2017/12/14,1251,6630,,,,
2017/12/15,1254.6,5540,,,,
2017/12/18,1260.6,6170,,,,
2017/12/19,1260.35,5950,,,,
2017/12/20,1264.55,6070,,,,
2017/12/21,1264.55,5630,,,,
2017/12/27,1279.4,5160,,,,
2017/12/28,1291,5060,,,,
2018/1/2,1312.05,1700,,,,
2018/1/3,1314.9,190,,,,
2018/1/4,1314.5,200,,,,
2018/1/5,1317.15,190,,,,
2018/1/8,1319.95,5900,,,,
2018/1/9,1311,5420,,,,
2018/1/10,1319.75,10830,,,,
2018/1/11,1323.05,5810,,,,
2018/1/12,1326.8,9230,,,,
2018/1/15,1339.25,6000,,,,
2018/1/16,1333.85,8690,,,,
2018/1/17,1335.65,6830,,,,
2018/1/18,1332.2,9530,,,,
2018/1/19,1334.95,5950,,,,
2018/1/22,1332.6,5520,,,,
2018/1/23,1333.4,7020,,,,
2018/1/24,1353.7,11080,,,,
2018/1/25,1354.95,9880,,,,
2018/1/29,1343.85,8630,,,,
2018/1/30,1344.9,6810,,,,
2018/1/31,1345.05,5480,,,,
2018/2/1,1341.35,1810,,,,
2018/2/2,1331.15,660,,,,
2018/2/5,1333.6,190,,,,
2018/2/6,1331.4,12070,,,,
2018/2/7,1324.65,8730,,,,
2018/2/8,1315.45,11100,,,,
2018/2/9,1314.1,9200,,,,
2018/2/12,1322.3,6400,,,,
2018/2/13,1325.35,3530,,,,
2018/2/14,1336.25,12870,,,,
2018/2/15,1352.45,7630,,,,
2018/2/16,1352.1,8670,,,,
2018/2/19,1346.6,4030,,,,
2018/2/20,1339.85,9250,,,,
2018/2/21,1330.5,7080,,,,
2018/2/22,1328.35,6530,,,,
2018/2/23,1327.95,5140,,,,
2018/2/26,1333.5,5840,,,,
2018/2/27,1325.75,7860,,,,
2018/2/28,1317.85,5120,,,,
2018/3/1,1307.75,1470,,,,
2018/3/2,1322.3,150,,,,
2018/3/5,1320.4,180,,,,
2018/3/6,1331.4,10810,,,,
2018/3/7,1329.4,10100,,,,
2018/3/8,1321,7750,,,,
2018/3/9,1320.6,10960,,,,
2018/3/12,1319.15,7370,,,,
2018/3/13,1322.75,10980,,,,
2018/3/14,1323.55,9560,,,,
2018/3/15,1318.75,8330,,,,
2018/3/16,1310.1,10020,,,,
2018/3/19,1312.4,11620,,,,
2018/3/20,1311,9130,,,,
2018/3/21,1321.35,11320,,,,
2018/3/22,1329.15,11330,,,,
2018/3/23,1346.6,13640,,,,
2018/3/26,1352.4,7330,,,,
2018/3/27,1341.45,9460,,,,
2018/3/28,1332.45,8560,,,,
2018/3/29,1323.85,3200,,,,
2018/4/3,1333.45,330,,,,
2018/4/4,1337.3,70,,,,
2018/4/5,1327.7,60,,,,
2018/4/6,1331.2,13420,,,,
2018/4/9,1331.95,7600,,,,
2018/4/10,1338.95,8760,,,,
2018/4/11,1350.75,18120,,,,
2018/4/12,1341.35,13210,,,,
2018/4/13,1343.7,9890,,,,
2018/4/16,1349.35,8090,,,,
2018/4/17,1342.1,9190,,,,
2018/4/18,1351.45,9900,,,,
2018/4/19,1348.6,8780,,,,
2018/4/20,1336.75,6020,,,,
2018/4/23,1324.3,6670,,,,
2018/4/24,1328.85,6350,,,,
2018/4/25,1321.65,6170,,,,
2018/4/26,1320.7,6270,,,,
2018/4/27,1321.5,6100,,,,
2018/4/30,1313.2,6380,,,,
2018/5/1,1307.1,860,,,,
2018/5/2,1304.2,500,,,,
2018/5/3,1315.05,210,,,,
2018/5/4,1309.4,130,,,,
2018/5/8,1306.6,8690,,,,
2018/5/9,1313.85,9930,,,,
2018/5/10,1318.8,10730,,,,
2018/5/11,1324.35,8840,,,,
2018/5/14,1319.85,7900,,,,
2018/5/15,1295,14510,,,,
2018/5/16,1291.25,10730,,,,
2018/5/17,1289.5,8540,,,,
2018/5/18,1288.3,7380,,,,
2018/5/21,1288.35,8029,,,,
2018/5/22,1293.05,7330,,,,
2018/5/23,1289,11980,,,,
2018/5/24,1304.85,11060,,,,
2018/5/25,1303.5,10050,,,,
2018/5/29,1295.5,12380,,,,
2018/5/30,1300.7,9140,,,,
2018/5/31,1305.35,6070,,,,
2018/6/1,1294.6,2070,,,,
2018/6/4,1295.45,340,,,,
2018/6/5,1292.05,80,,,,
2018/6/6,1300.1,6330,,,,
2018/6/7,1297.25,8210,,,,
2018/6/8,1298.25,8180,,,,
2018/6/11,1299.6,7520,,,,
2018/6/12,1298.65,6950,,,,
2018/6/13,1296.15,3910,,,,
2018/6/14,1302.75,8590,,,,
2018/6/15,1285.25,11170,,,,
2018/6/18,1281.55,4810,,,,
2018/6/19,1276.15,7270,,,,
2018/6/20,1274.2,4930,,,,
2018/6/21,1266.15,6940,,,,
2018/6/22,1269.15,6810,,,,
2018/6/25,1268.7,4980,,,,
2018/6/26,1260.3,6410,,,,
2018/6/27,1254.6,6000,,,,
2018/6/28,1251.55,4320,,,,
2018/6/29,1250.45,5610,,,,
2018/7/2,1247.8,2260,,,,
2018/7/3,1251.75,190,,,,
2018/7/4,1255.65,40,,,,
2018/7/5,1255.5,20,,,,
2018/7/6,1255.35,4840,,,,
2018/7/9,1262.05,7260,,,,
2018/7/10,1254,7520,,,,
2018/7/11,1251.4,6020,,,,
2018/7/12,1245.9,7750,,,,
2018/7/13,1241.7,7170,,,,
2018/7/16,1241.1,5560,,,,
2018/7/17,1232.8,9280,,,,
2018/7/18,1224.5,7920,,,,
2018/7/19,1217.55,8400,,,,
2018/7/20,1228.75,7070,,,,
2018/7/23,1224.95,7100,,,,
2018/7/24,1228.35,7690,,,,
2018/7/25,1231.5,7580,,,,
2018/7/26,1228.25,5770,,,,
2018/7/27,1223.95,7530,,,,
2018/7/30,1223.8,4900,,,,
2018/7/31,1220.95,6630,,,,
2018/8/1,1219,2140,,,,
2018/8/2,1215.45,920,,,,
2018/8/3,1216.3,110,,,,
2018/8/6,1209.65,4019,,,,
2018/8/7,1212.35,5980,,,,
2018/8/8,1209.55,6450,,,,
2018/8/9,1214.35,5580,,,,
2018/8/10,1214.4,7310,,,,
2018/8/13,1200.35,7720,,,,
2018/8/14,1197,4990,,,,
2018/8/16,1182,10270,,,,
2018/8/17,1180.4,6000,,,,
2018/8/20,1178.4,5660,,,,
2018/8/21,1184.35,6270,,,,
2018/8/22,1190.95,4610,,,,
2018/8/23,1196.65,5980,,,,
2018/8/24,1192.35,9030,,,,
2018/8/27,1197.7,6670,,,,
2018/8/28,1212.25,6780,,,,
2018/8/29,1204.2,6080,,,,
2018/8/30,1197.3,6310,,,,
2018/8/31,1202.45,5780,,,,
2018/9/3,1200.05,1440,,,,
2018/9/4,1190.85,170,,,,
2018/9/5,1196.7,50,,,,
2018/9/6,1205.15,14800,,,,
2018/9/7,1198.9,9440,,,,
2018/9/10,1196.6,11420,,,,
2018/9/11,1189.85,11400,,,,
2018/9/12,1195.6,15880,,,,
2018/9/13,1209.8,6630,,,,
2018/9/14,1201.95,11820,,,,
2018/9/17,1201.9,13770,,,,
2018/9/18,1200.2,11960,,,,
2018/9/19,1203.3,13100,,,,
2018/9/20,1208.35,3970,,,,
2018/9/21,1198.7,15510,,,,
2018/9/24,1202.75,10490,,,,
2018/9/25,1201.9,7690,,,,
2018/9/26,1194.25,9120,,,,
2018/9/27,1185.4,10280,,,,
2018/9/28,1187.25,8850,,,,
2018/10/1,1189.35,2220,,,,
2018/10/3,1201.2,190,,,,
2018/10/4,1203.45,40,,,,
2018/10/5,1203.8,70,,,,
2018/10/8,1186.95,9960,,,,
2018/10/9,1185.55,7310,,,,
2018/10/10,1188.6,6580,,,,
2018/10/11,1205.55,17380,,,,
2018/10/12,1219.75,10610,,,,
2018/10/15,1229.95,14310,,,,
2018/10/16,1230.7,10710,,,,
2018/10/17,1229.05,8630,,,,
2018/10/18,1223,5540,,,,
2018/10/19,1227.85,7590,,,,
2018/10/22,1222.3,6730,,,,
2018/10/23,1235.95,13470,,,,
2018/10/24,1230.55,9820,,,,
2018/10/25,1230.8,9540,,,,
2018/10/26,1233.85,13310,,,,
2018/10/29,1230.8,6670,,,,
2018/10/30,1225.4,5960,,,,
2018/10/31,1214.95,5670,,,,
2018/11/1,1231.15,1580,,,,
2018/11/2,1232.1,540,,,,
2018/11/5,1232.25,180,,,,
2018/11/6,1231.6,9160,,,,
2018/11/7,1229.95,1800,,,,
2018/11/8,1224.15,6110,,,,
2018/11/9,1211.4,10710,,,,
2018/11/12,1205.55,7770,,,,
2018/11/13,1202.1,8280,,,,
2018/11/14,1203.25,7550,,,,
2018/11/15,1211.85,8710,,,,
2018/11/16,1222.4,10100,,,,
2018/11/19,1221.6,8150,,,,
2018/11/20,1223,8350,,,,
2018/11/21,1226.1,7740,,,,
2018/11/22,1227.05,9810,,,,
2018/11/23,1223.65,4660,,,,
2018/11/26,1223.4,7680,,,,
2018/11/27,1221.2,7860,,,,
2018/11/28,1213.25,8400,,,,
2018/11/29,1226.25,6690,,,,
2018/11/30,1217.55,7630,,,,
2018/12/3,1230.3,1600,,,,
2018/12/4,1240.3,80,,,,
2018/12/5,1235.9,40,,,,
2018/12/6,1242.55,10550,,,,
2018/12/7,1243.3,11240,,,,
2018/12/10,1245.35,14090,,,,
2018/12/11,1245.3,10530,,,,
2018/12/12,1245.75,7570,,,,
2018/12/13,1242.75,8430,,,,
2018/12/14,1235.35,6750,,,,
2018/12/17,1241.65,5970,,,,
2018/12/18,1246.3,10180,,,,
2018/12/19,1255,8760,,,,
2018/12/20,1259.75,12970,,,,
2018/12/21,1258.15,9910,,,,
2018/12/27,1268,8010,,,,
2018/12/28,1279,6640,,,,
2019/1/2,1282.9,400,,,,
2019/1/3,1290.45,170,,,,
2019/1/4,1279.9,60,,,,
2019/1/7,1292.2,12800,,,,
2019/1/8,1286.45,10840,,,,
2019/1/9,1288.6,14630,,,,
2019/1/10,1291.9,13330,,,,
2019/1/11,1288.95,10560,,,,
2019/1/14,1292.75,13650,,,,
2019/1/15,1294.4,12590,,,,
2019/1/16,1292.3,11360,,,,
2019/1/17,1290.7,12920,,,,
2019/1/18,1284.2,12630,,,,
2019/1/21,1279.55,8900,,,,
2019/1/22,1282.1,12040,,,,
2019/1/23,1279.8,10910,,,,
2019/1/24,1283.7,9550,,,,
2019/1/25,1293.9,13030,,,,
2019/1/28,1302.15,10900,,,,
2019/1/29,1307.55,13050,,,,
2019/1/30,1310.7,9820,,,,
2019/1/31,1323.25,10390,,,,
2019/2/1,1318.7,3120,,,,
2019/2/4,1312.15,420,,,,
2019/2/5,1314.2,130,,,,
2019/2/6,1312.4,7270,,,,
2019/2/7,1310,10600,,,,
2019/2/8,1314.85,9430,,,,
2019/2/11,1306.4,11150,,,,
2019/2/12,1310,9360,,,,
2019/2/13,1312.8,10850,,,,
2019/2/14,1311.45,11450,,,,
2019/2/15,1316.55,11790,,,,
2019/2/18,1325.5,8880,,,,
2019/2/19,1334.15,11910,,,,
2019/2/20,1343.75,9090,,,,
2019/2/21,1331.25,14500,,,,
2019/2/22,1329.05,9550,,,,
2019/2/25,1331.05,8440,,,,
2019/2/26,1325.05,9010,,,,
2019/2/27,1322.85,9400,,,,
2019/2/28,1319.15,8130,,,,
2019/3/1,1311.95,1560,,,,
2019/3/4,1285.4,150,,,,
2019/3/5,1283.8,240,,,,
2019/3/6,1285.85,16710,,,,
2019/3/7,1285.3,14750,,,,
2019/3/8,1296.75,16620,,,,
2019/3/11,1292.75,12410,,,,
2019/3/12,1297.05,12060,,,,
2019/3/13,1306.95,13820,,,,
2019/3/14,1295.55,17210,,,,
2019/3/15,1303.5,13200,,,,
2019/3/18,1305.6,12270,,,,
2019/3/19,1307.7,14670,,,,
2019/3/20,1303.7,14380,,,,
2019/3/21,1309.6,9410,,,,
2019/3/22,1311.3,19210,,,,
2019/3/25,1319.55,14020,,,,
2019/3/26,1316.3,13040,,,,
2019/3/27,1309.7,17720,,,,
2019/3/28,1295.15,15060,,,,
2019/3/29,1295.4,11360,,,,
2019/4/1,1293.5,4520,,,,
2019/4/2,1290.3,390,,,,
2019/4/3,1290.45,170,,,,
2019/4/4,1283.15,70,,,,
2019/4/5,1288.45,60,,,,
2019/4/8,1300,12900,,,,
2019/4/9,1303,11010,,,,
2019/4/10,1305.45,11740,,,,
2019/4/11,1298.8,17110,,,,
2019/4/12,1294.3,11010,,,,
2019/4/15,1285.65,8540,,,,
2019/4/16,1276.35,14480,,,,
2019/4/17,1275.85,5650,,,,
2019/4/18,1275.7,9870,,,,
2019/4/23,1269.5,9920,,,,
2019/4/24,1271.65,12640,,,,
2019/4/25,1280.8,11640,,,,
2019/4/26,1284.2,9670,,,,
2019/4/30,1279.5,6440,,,,
2019/5/1,1282.3,1550,,,,
2019/5/2,1283.8,480,,,,
2019/5/3,1270.95,80,,,,
2019/5/6,1278.55,12070,,,,
2019/5/7,1281.2,12370,,,,
2019/5/8,1285.2,16670,,,,
2019/5/9,1286.1,18690,,,,
2019/5/10,1287.1,15880,,,,
2019/5/13,1295.6,25010,,,,
2019/5/14,1298.4,17750,,,,
2019/5/15,1299.1,17660,,,,
2019/5/16,1291.7,18620,,,,
2019/5/17,1280.8,17350,,,,
2019/5/20,1276.85,14610,,,,
2019/5/21,1271.15,11490,,,,
2019/5/22,1273.8,9610,,,,
2019/5/23,1283.65,16970,,,,
2019/5/24,1282.5,10690,,,,
2019/5/28,1278.3,11670,,,,
2019/5/29,1281.65,12930,,,,
2019/5/30,1280.95,10730,,,,
2019/5/31,1295.55,8390,,,,
2019/6/3,1317.1,1290,,,,
2019/6/4,1324.25,120,,,,
2019/6/5,1335.05,11500,,,,
2019/6/6,1335.5,10040,,,,
2019/6/7,1340.65,18520,,,,
2019/6/10,1328.6,9620,,,,
2019/6/11,1324.3,10980,,,,
2019/6/12,1332.35,11390,,,,
2019/6/13,1335.9,12030,,,,
2019/6/14,1351.25,21100,,,,
2019/6/17,1341.3,15540,,,,
2019/6/18,1341.35,21560,,,,
2019/6/19,1344.05,10560,,,,
2019/6/20,1379.5,26730,,,,
2019/6/21,1397.15,27580,,,,
2019/6/24,1405.7,15550,,,,
2019/6/25,1431.4,30860,,,,
2019/6/26,1403.95,20450,,,,
2019/6/27,1402.5,13580,,,,
2019/6/28,1409,11220,,,,
2019/7/1,1390.1,3840,,,,
2019/7/2,1391.05,350,,,,
2019/7/3,1413.5,190,,,,
2019/7/4,1414.9,180,,,,
2019/7/5,1388.65,40,,,,
2019/7/8,1400.1,23910,,,,
2019/7/9,1391.55,25570,,,,
2019/7/10,1408.3,31360,,,,
2019/7/11,1413.75,34610,,,,
2019/7/12,1407.6,23110,,,,
2019/7/15,1412.4,19680,,,,
2019/7/16,1409.85,25480,,,,
2019/7/17,1410.35,27570,,,,
2019/7/18,1417.45,31100,,,,
2019/7/19,1439.7,29520,,,,
2019/7/22,1427.75,16100,,,,
2019/7/23,1425.55,20410,,,,
2019/7/24,1426.95,15420,,,,
2019/7/25,1416.1,21460,,,,
2019/7/26,1420.4,14310,,,,
2019/7/29,1419.05,10730,,,,
2019/7/30,1425.9,18210,,,,
2019/7/31,1427.55,8500,,,,
2019/8/1,1406.8,2710,,,,
2019/8/2,1441.75,820,,,,
2019/8/5,1465.25,290,,,,
2019/8/6,1465.25,27320,,,,
2019/8/7,1506.05,44110,,,,
2019/8/8,1495.75,33790,,,,
2019/8/9,1497.7,22870,,,,
2019/8/12,1504.7,9180,,,,
2019/8/13,1498.4,41660,,,,
2019/8/14,1513.25,33320,,,,
2019/8/16,1515.65,24290,,,,
2019/8/19,1515.25,22990,,,,
2019/8/20,1496.6,19810,,,,
2019/8/21,1504.55,15780,,,,
2019/8/22,1503.25,20060,,,,
2019/8/23,1502.05,28960,,,,
2019/8/26,1503.8,28460,,,,
2019/8/27,1532.95,20050,,,,
2019/8/28,1537.15,19150,,,,
2019/8/29,1540.2,24910,,,,
2019/8/30,1528.4,16910,,,,
2019/9/2,1525.95,2320,,,,
2019/9/3,1537.85,1200,,,,
2019/9/4,1546.1,1850,,,,
2019/9/5,1529.1,630,,,,
2019/9/6,1523.7,40450,,,,
2019/9/9,1509.2,31730,,,,
2019/9/10,1498.25,18610,,,,
2019/9/11,1490.65,27740,,,,
2019/9/12,1515.2,41660,,,,
2019/9/13,1503.1,28040,,,,
2019/9/16,1497.2,25820,,,,
2019/9/17,1502.1,24420,,,,
2019/9/18,1503.5,19420,,,,
2019/9/19,1500.7,23030,,,,
2019/9/20,1501.9,20700,,,,
2019/9/23,1522.1,19980,,,,
2019/9/24,1520.65,25610,,,,
2019/9/25,1528.75,27540,,,,
2019/9/26,1506.4,25210,,,,
2019/9/27,1489.9,27420,,,,
2019/9/30,1485.3,17000,,,,
2019/10/1,1473.45,3670,,,,
2019/10/3,1517.1,380,,,,
2019/10/4,1499.15,150,,,,
2019/10/7,1501.25,15800,,,,
2019/10/8,1505.85,10520,,,,
2019/10/9,1507.25,20030,,,,
2019/10/10,1494.8,20640,,,,
2019/10/11,1479.15,27080,,,,
2019/10/14,1490.6,21990,,,,
2019/10/15,1487.8,23550,,,,
2019/10/16,1485.1,26510,,,,
2019/10/17,1492.65,20290,,,,
2019/10/18,1490,16230,,,,
2019/10/21,1491.65,10410,,,,
2019/10/22,1485.35,13840,,,,
2019/10/23,1494.45,12600,,,,
2019/10/24,1496.55,14660,,,,
2019/10/25,1513.45,19570,,,,
2019/10/28,1492.4,7520,,,,
2019/10/29,1486.75,11170,,,,
2019/10/30,1492.1,6370,,,,
2019/10/31,1510.95,2300,,,,
2019/11/1,1508.8,720,,,,
2019/11/4,1509.45,180,,,,
2019/11/5,1488.95,170,,,,
2019/11/6,1486.05,20310,,,,
2019/11/7,1484.25,27880,,,,
2019/11/8,1464.15,27500,,,,
2019/11/11,1458.7,17280,,,,
2019/11/12,1452.05,12900,,,,
2019/11/13,1462.9,23100,,,,
2019/11/14,1466.65,20590,,,,
2019/11/15,1466.9,17270,,,,
2019/11/18,1467.65,23230,,,,
2019/11/19,1468.45,24870,,,,
2019/11/20,1471.7,23560,,,,
2019/11/21,1467.05,20030,,,,
2019/11/22,1464.45,20370,,,,
2019/11/25,1458.4,14900,,,,
2019/11/26,1454.65,15750,,,,
2019/11/27,1454.35,11790,,,,
2019/11/28,1454.65,9500,,,,
2019/11/29,1460.15,4270,,,,
2019/12/2,1461.15,890,,,,
2019/12/3,1477.3,150,,,,
2019/12/4,1475.1,50,,,,
2019/12/5,1475.95,30,,,,
2019/12/6,1459.65,16890,,,,
2019/12/9,1461.7,9220,,,,
2019/12/10,1464.95,12400,,,,
2019/12/11,1466.8,10900,,,,
2019/12/12,1467.8,22610,,,,
2019/12/13,1466.6,21940,,,,
2019/12/16,1477.9,13050,,,,
2019/12/17,1475.8,11990,,,,
2019/12/18,1474.05,12090,,,,
2019/12/19,1476.7,13070,,,,
2019/12/20,1479,12050,,,,
2019/12/23,1482.1,10200,,,,
2019/12/27,1511.5,11520,,,,
2019/12/30,1514.75,5570,,,,
2020/1/2,1527.1,250,,,,
2020/1/3,1548.75,210,,,,
2020/1/6,1573.1,33170,,,,
2020/1/7,1567.85,27470,,,,
2020/1/8,1571.95,47710,,,,
2020/1/9,1550.75,27520,,,,
2020/1/10,1553.6,26620,,,,
2020/1/13,1549.9,20340,,,,
2020/1/14,1545.1,19100,,,,
2020/1/15,1549,18190,,,,
2020/1/16,1554.55,15820,,,,
2020/1/17,1557.6,15500,,,,
2020/1/20,1560.15,10010,,,,
2020/1/21,1551.3,24670,,,,
2020/1/22,1556.9,15260,,,,
2020/1/23,1562.9,21340,,,,
2020/1/24,1564.3,23430,,,,
2020/1/27,1580.1,20090,,,,
2020/1/28,1574,19400,,,,
2020/1/29,1573.45,13240,,,,
2020/1/30,1578.25,4950,,,,
2020/1/31,1584.2,1150,,,,
2020/2/3,1574.75,190,,,,
2020/2/4,1558.35,100,,,,
2020/2/5,1553.3,40,,,,
2020/2/6,1563.3,15610,,,,
2020/2/7,1572.65,19970,,,,
2020/2/10,1573.2,13040,,,,
2020/2/11,1570.5,17790,,,,
2020/2/12,1563.7,14130,,,,
2020/2/13,1575.05,14930,,,,
2020/2/14,1581.4,15050,,,,
2020/2/17,1580.8,11090,,,,
2020/2/18,1589.85,22270,,,,
2020/2/19,1604.2,19080,,,,
2020/2/20,1619,27950,,,,
2020/2/21,1643.3,19670,,,,
2020/2/24,1671.65,39100,,,,
2020/2/25,1650.3,33280,,,,
2020/2/26,1634.9,26970,,,,
2020/2/27,1652,18400,,,,
2020/2/28,1609.85,4470,,,,
2020/3/2,1599.65,310,,,,
2020/3/3,1615.5,70,,,,
2020/3/4,1641.85,90,,,,
2020/3/5,1659.6,370,,,,
2020/3/6,1683.65,76250,,,,
2020/3/9,1672.5,61170,,,,
2020/3/10,1655.7,23910,,,,
2020/3/11,1653.75,35130,,,,
2020/3/12,1570.7,75050,,,,
2020/3/13,1562.8,66620,,,,
2020/3/16,1487.7,106920,,,,
2020/3/17,1536.2,82570,,,,
2020/3/18,1498.2,72460,,,,
2020/3/19,1474.25,49450,,,,
2020/3/20,1494.4,46770,,,,
2020/3/23,1525.4,43820,,,,
2020/3/24,1605.75,40080,,,,
2020/3/25,1605.45,32140,,,,
2020/3/26,1634.8,34450,,,,
2020/3/27,1617.3,20610,,,,
2020/3/30,1618.3,920,,,,
2020/3/31,1608.95,290,,,,
2020/4/1,1576.55,50,,,,
2020/4/3,1613.1,80,,,,
2020/4/7,1649.25,20590,,,,
2020/4/8,1647.8,12640,,,,
2020/4/9,1680.65,13160,,,,
2020/4/13,1741.9,19510,,,,
2020/4/15,1718.65,26090,,,,
2020/4/16,1729.5,21660,,,,
2020/4/17,1692.55,32290,,,,
2020/4/20,1686.2,24610,,,,
2020/4/21,1682.05,31180,,,,
2020/4/22,1710.55,32759,,,,
2020/4/23,1736.25,42680,,,,
2020/4/24,1715.9,43750,,,,
2020/4/27,1714.95,36810,,,,
2020/4/28,1691.55,25390,,,,
2020/4/29,1703.35,4780,,,,
2020/4/30,1702.75,2130,,,,
2020/5/1,1686.25,310,,,,
2020/5/4,1709.1,490,,,,
2020/5/5,1699.55,230,,,,
2020/5/6,1691.5,37990,,,,
2020/5/7,1704.05,40800,,,,
2020/5/11,1702.75,39590,,,,
2020/5/12,1702.4,37850,,,,
2020/5/13,1708.4,41420,,,,
2020/5/14,1731.6,47990,,,,
2020/5/15,1735.35,51030,,,,
2020/5/18,1734.7,65730,,,,
2020/5/19,1737.95,47800,,,,
2020/5/20,1748.3,40320,,,,
2020/5/21,1724.9,40760,,,,
2020/5/22,1733.55,42900,,,,
2020/5/26,1720.25,41020,,,,
2020/5/27,1694.6,47490,,,,
2020/5/28,1717.35,35540,,,,
2020/5/29,1728.7,24160,,,,
2020/6/1,1730.6,2009,,,,
2020/6/2,1742.15,220,,,,
2020/6/3,1705.35,180,,,,
2020/6/4,1700.05,80,,,,
2020/6/5,1683.45,60,,,,
2020/6/8,1690.35,39330,,,,
2020/6/9,1713.5,41710,,,,
2020/6/10,1722.05,34600,,,,
2020/6/11,1738.25,53470,,,,
2020/6/12,1733.5,40800,,,,
2020/6/15,1710.45,42280,,,,
2020/6/16,1719.85,46860,,,,
2020/6/17,1724.35,35350,,,,
2020/6/18,1719.5,39880,,,,
2020/6/19,1734.75,37640,,,,
2020/6/22,1761.85,42280,,,,
2020/6/23,1768.9,35720,,,,
2020/6/24,1766.05,42480,,,,
2020/6/25,1756.55,28160,,,,
2020/6/26,1747.6,26210,,,,
2020/6/29,1771.6,3740,,,,
2020/6/30,1768.1,630,,,,
2020/7/1,1771.05,330,,,,
2020/7/2,1777.45,90,,,,
2020/7/3,1772.9,70,,,,
2020/7/6,1787.9,36250,,,,
2020/7/7,1789.55,44010,,,,
2020/7/8,1811.1,42550,,,,
2020/7/9,1812.1,46250,,,,
2020/7/10,1803.1,38450,,,,
2020/7/13,1807.5,34250,,,,
2020/7/14,1801.9,41500,,,,
2020/7/15,1804.6,37680,,,,
2020/7/16,1807.7,30040,,,,
2020/7/17,1807.35,28010,,,,
2020/7/20,1815.65,27740,,,,
2020/7/21,1842.55,31550,,,,
2020/7/22,1852.4,46550,,,,
2020/7/23,1878.3,45430,,,,
2020/7/24,1902.1,39020,,,,
2020/7/27,1936.65,39480,,,,
2020/7/28,1940.9,54990,,,,
2020/7/29,1950.9,28840,,,,
2020/7/30,1957.65,3700,,,,
2020/7/31,1964.9,670,,,,
2020/8/3,1958.55,150,,,,
2020/8/4,1977.9,110,,,,
2020/8/5,2048.15,40,,,,
2020/8/6,2067.15,45660,,,,
2020/8/7,2031.15,53590,,,,
2020/8/10,2044.5,35600,,,,
2020/8/11,1939.65,80850,,,,
2020/8/12,1931.9,92180,,,,
2020/8/13,1944.25,54500,,,,
2020/8/14,1944.75,47420,,,,
2020/8/17,1972.85,43930,,,,
2020/8/18,2008.75,70760,,,,
2020/8/19,1981,56450,,,,
2020/8/20,1927.15,55710,,,,
2020/8/21,1924.35,59160,,,,
2020/8/24,1943.95,47380,,,,
2020/8/25,1911.15,39540,,,,
2020/8/26,1932.95,48630,,,,
2020/8/27,1923.85,53540,,,,
2020/8/28,1957.35,31610,,,,
2020/9/1,1972.35,1490,,,,
2020/9/2,1947.05,100,,,,
2020/9/3,1940.45,350,,,,
2020/9/4,1926.3,140,,,,
2020/9/7,1928.45,21050,,,,
2020/9/8,1910.95,44490,,,,
2020/9/9,1947.2,33440,,,,
2020/9/10,1966.25,33930,,,,
2020/9/11,1947.4,29230,,,,
2020/9/14,1958.7,28810,,,,
2020/9/15,1949.35,35290,,,,
2020/9/16,1961.8,33870,,,,
2020/9/17,1936.25,34620,,,,
2020/9/18,1950.85,26220,,,,
2020/9/21,1909.35,53200,,,,
2020/9/22,1906,36990,,,,
2020/9/23,1873.4,42440,,,,
2020/9/24,1861.75,41420,,,,
2020/9/25,1859.7,31360,,,,
2020/9/28,1864.3,8940,,,,
2020/9/29,1883.95,470,,,,
2020/9/30,1886.9,310,,,,
2020/10/1,1902,110,,,,
2020/10/5,1909.6,140,,,,
2020/10/6,1913.4,29170,,,,
2020/10/7,1884.5,34580,,,,
2020/10/8,1887.45,29790,,,,
2020/10/9,1923.25,30470,,,,
2020/10/12,1925.5,21900,,,,
2020/10/13,1891.3,33720,,,,
2020/10/14,1910.05,25030,,,,
2020/10/15,1891.9,28690,,,,
2020/10/16,1905.05,20350,,,,
2020/10/19,1905.6,21200,,,,
2020/10/20,1898.4,23660,,,,
2020/10/21,1924.15,26660,,,,
2020/10/22,1900.95,22820,,,,
2020/10/23,1903.65,22780,,,,
2020/10/26,1898.45,24720,,,,
2020/10/27,1905.7,20580,,,,
2020/10/28,1869.95,27040,,,,
2020/10/29,1870.3,21880,,,,
2020/10/30,1881.85,4860,,,,
2020/11/2,1889.9,700,,,,
2020/11/3,1908.3,320,,,,
2020/11/4,1900.15,930,,,,
2020/11/5,1938.45,380,,,,
2020/11/6,1940.8,36600,,,,
2020/11/9,1867.3,68550,,,,
2020/11/10,1878.7,36310,,,,
2020/11/11,1860.95,31070,,,,
2020/11/12,1874.85,27720,,,,
2020/11/13,1890.9,23840,,,,
2020/11/16,1885.6,22590,,,,
2020/11/17,1889.05,21980,,,,
2020/11/18,1876.1,30920,,,,
2020/11/19,1857.35,31010,,,,
2020/11/20,1875.7,25040,,,,
2020/11/23,1840.2,34510,,,,
2020/11/24,1799.6,35190,,,,
2020/11/25,1810.2,27980,,,,
2020/11/26,1807.4,19380,,,,
2020/11/27,1779.3,23050,,,,
2020/11/30,1762.55,2040,,,,
2020/12/1,1810.75,360,,,,
2020/12/2,1822.6,380,,,,
2020/12/3,1832.35,650,,,,
2020/12/4,1843,110,,,,
2020/12/7,1859.95,31170,,,,
2020/12/8,1868.15,26650,,,,
2020/12/9,1841.75,32650,,,,
2020/12/10,1844.35,27640,,,,
2020/12/11,1842,26230,,,,
2020/12/14,1831.15,29840,,,,
2020/12/15,1850.65,28740,,,,
2020/12/16,1851.95,30230,,,,
2020/12/17,1890.75,35230,,,,
2020/12/18,1879.75,25050,,,,
2020/12/21,1880,39390,,,,
2020/12/22,1877.1,24490,,,,
2020/12/23,1875,26910,,,,
2020/12/29,1874.3,13260,,,,
2020/12/30,1887.6,3650,,,,
2021/1/4,1943.2,150,,,,
2021/1/5,1940.35,150,,,,
2021/1/6,1931.95,47140,,,,
2021/1/7,1920.1,28490,,,,
2021/1/8,1862.9,58390,,,,
2021/1/11,1847.25,34630,,,,
2021/1/12,1841.25,28650,,,,
2021/1/13,1858.85,21700,,,,
2021/1/14,1841.75,29610,,,,
2021/1/15,1839,30090,,,,
2021/1/18,1833.05,17920,,,,
2021/1/19,1834.7,23140,,,,
2021/1/20,1856.6,36370,,,,
2021/1/21,1862.1,23310,,,,
2021/1/22,1852.7,30380,,,,
2021/1/25,1856.85,24630,,,,
2021/1/27,1843,25140,,,,
2021/1/28,1853.7,28330,,,,
2021/1/29,1863.8,27930,,,,
2021/2/1,1862.95,3140,,,,
2021/2/2,1833.1,380,,,,
2021/2/3,1835.45,190,,,,
2021/2/4,1785.9,140,,,,
2021/2/5,1802.95,30,,,,
2021/2/8,1835.25,29170,,,,
2021/2/9,1839.6,27330,,,,
2021/2/10,1842.65,27630,,,,
2021/2/11,1840.1,24860,,,,
2021/2/12,1816.35,30720,,,,
2021/2/15,1817.3,15390,,,,
2021/2/16,1794.25,37740,,,,
2021/2/17,1780.7,34790,,,,
2021/2/18,1773.15,28540,,,,
2021/2/19,1786.2,30680,,,,
2021/2/22,1807.45,30050,,,,
2021/2/23,1799.65,22890,,,,
2021/2/24,1788,21710,,,,
2021/2/25,1779.65,24510,,,,
2021/2/26,1742.85,32960,,,,
2021/3/1,1734.15,5190,,,,
2021/3/2,1723.85,320,,,,
2021/3/3,1711.4,30,,,,
2021/3/4,1712.1,10,,,,
2021/3/5,1696.25,50,,,,
2021/3/8,1687.05,29840,,,,
2021/3/9,1716.9,29790,,,,
2021/3/10,1716.2,22090,,,,
2021/3/11,1724.25,15840,,,,
2021/3/12,1704.8,32180,,,,
2021/3/15,1723.65,21500,,,,
2021/3/16,1735,18920,,,,
2021/3/17,1729.65,18240,,,,
2021/3/18,1725.9,33560,,,,
2021/3/19,1735.2,18820,,,,
2021/3/22,1736.15,20260,,,,
2021/3/23,1726.2,19810,,,,
2021/3/24,1730.5,16570,,,,
2021/3/25,1737.3,22460,,,,
2021/3/26,1731.8,22630,,,,
2021/3/29,1705.95,11180,,,,
2021/3/30,1683.95,1900,,,,
2021/3/31,1691.05,330,,,,
2021/4/1,1726.05,150,,,,
2021/4/6,1744.65,17870,,,,
2021/4/7,1738.05,21450,,,,
2021/4/8,1755.5,21420,,,,
2021/4/9,1741.2,21980,,,,
2021/4/12,1732.85,18010,,,,
2021/4/13,1747.95,20250,,,,
2021/4/14,1735.55,12630,,,,
2021/4/15,1757.2,21620,,,,
2021/4/16,1774.45,23540,,,,
2021/4/19,1774.5,24590,,,,
2021/4/20,1777.85,27160,,,,
2021/4/21,1798.2,15990,,,,
2021/4/22,1787.75,22210,,,,
2021/4/23,1781.8,24780,,,,
2021/4/26,1773.35,18480,,,,
2021/4/27,1784.15,13460,,,,
2021/4/28,1772.2,17680,,,,
2021/4/29,1762.65,6950,,,,
2021/4/30,1767.65,310,,,,
2021/5/4,1797.75,30,,,,
2021/5/5,1782.25,50,,,,
2021/5/6,1813.15,29120,,,,
2021/5/7,1836.55,31360,,,,
2021/5/10,1840.45,21580,,,,
2021/5/11,1829.1,29710,,,,
2021/5/12,1830.7,25670,,,,
2021/5/13,1821.8,12520,,,,
2021/5/14,1838.1,17130,,,,
2021/5/17,1853.7,23470,,,,
2021/5/18,1866.75,18850,,,,
2021/5/19,1888.45,35570,,,,
2021/5/20,1878.3,21060,,,,
2021/5/21,1875.9,20650,,,,
2021/5/24,1880.15,16510,,,,
2021/5/25,1887,21060,,,,
2021/5/26,1899.75,16510,,,,
2021/5/27,1891.45,17840,,,,
2021/5/28,1899.95,17740,,,,
2021/6/1,1899.35,890,,,,
2021/6/2,1902.75,80,,,,
2021/6/3,1866.55,150,,,,
2021/6/4,1890.6,220,,,,
2021/6/7,1888.4,10910,,,,
2021/6/8,1893.15,15280,,,,
2021/6/9,1894.6,10270,,,,
2021/6/10,1888.65,20510,,,,
2021/6/11,1881.05,17040,,,,
2021/6/14,1865.6,23420,,,,
2021/6/15,1865.1,13380,,,,
2021/6/16,1860.75,10100,,,,
2021/6/17,1778.7,32070,,,,
2021/6/18,1773.1,17880,,,,
2021/6/21,1775.05,17130,,,,
2021/6/22,1775.05,14670,,,,
2021/6/23,1791.6,12030,,,,
2021/6/24,1784.85,14040,,,,
2021/6/25,1786.65,16690,,,,
2021/6/28,1780.3,15550,,,,
2021/6/29,1755.45,5170,,,,
2021/6/30,1763.15,830,,,,
2021/7/1,1781.5,120,,,,
2021/7/2,1786.15,200,,,,
2021/7/5,1791.35,30,,,,
2021/7/6,1809.85,22960,,,,
2021/7/7,1804.65,13920,,,,
2021/7/8,1807.7,25700,,,,
2021/7/9,1806,15170,,,,
2021/7/12,1792.4,17040,,,,
2021/7/13,1813.85,18880,,,,
2021/7/14,1823.2,18330,,,,
2021/7/15,1823.75,16070,,,,
2021/7/16,1824.3,17430,,,,
2021/7/19,1814.9,17250,,,,
2021/7/20,1823.05,19090,,,,
2021/7/21,1802.15,8420,,,,
2021/7/22,1799.45,15980,,,,
2021/7/23,1799.6,14170,,,,
2021/7/26,1800.2,13070,,,,
2021/7/27,1800.35,12870,,,,
2021/7/28,1796.6,8780,,,,
2021/7/29,1829.3,13670,,,,
2021/7/30,1825.75,2650,,,,
2021/8/2,1811.45,170,,,,
2021/8/3,1812.65,70,,,,
2021/8/4,1829.1,40,,,,
2021/8/5,1800.75,30,,,,
2021/8/6,1762.9,23200,,,,
2021/8/9,1738.85,21360,,,,
2021/8/10,1723.35,16300,,,,
2021/8/11,1743.6,15300,,,,
2021/8/12,1747.4,12510,,,,
2021/8/13,1773.85,13880,,,,
2021/8/16,1786.35,12470,,,,
2021/8/17,1789.45,12460,,,,
2021/8/18,1783.45,11510,,,,
2021/8/19,1782.05,9100,,,,
2021/8/20,1779.05,9430,,,,
2021/8/23,1802,12350,,,,
2021/8/24,1808.45,9450,,,,
2021/8/25,1788.7,10430,,,,
2021/8/26,1786.6,9960,,,,
2021/8/27,1798.5,13590,,,,
2021/8/31,1814.85,190,,,,
2021/9/1,1811.8,60,,,,
2021/9/2,1812.55,20,,,,
2021/9/3,1823.7,10,,,,
2021/9/6,1821.6,5740,,,,
2021/9/7,1802.15,16580,,,,
2021/9/8,1786,12500,,,,
2021/9/9,1788.25,14580,,,,
2021/9/10,1794.6,6110,,,,